1,Submit Record,,FFA,,,Maze,,,4TDM,,,2TDM,,,Portal 4TDM,,,Maze 2TDM,,,Maze 4TDM,,,Squads-Duos,,,Open TDM,,,Open TDM,,
CellImage,WR Rules,Arras.io World Records Archive,,,,,,,,,,,,,,,,,,,,,,,,,,,,,,
CellImage,Secondary Records,,,,,,,,,,,,,,,,,,,,,,,,,,,,,,,
CellImage,Player/Tank Stats,,,,,,,,,,,,,,,,,,,,,,,,,,,,,,,
CellImage,WRA Website,,,,,,,,,,,,,,,,,,,,,,,,,,,,,,,
CellImage,Submissions,,,,,,,,,,,,,,,,,,,,,,,,,,,,,,,
CellImage,Highest Scores,,,,,,,,,,,,,,,,,,,,,,,,,,,,,,,
CellImage,Reddit,,,,,,,,,,,,,,,,,,,,,,,,,,,,,,,
CellImage,Discord,,,,,,,,,,,,,,,,,,,,,,,,,,,,,,,
,Project Unity,,,,,,,,,,,,,,,,,,,,,,,,,,,,,,,
CellImage,Theme Creator,,,,,,,,,,,,,,,,,,,,,,,,,,,,,,,
CellImage,Class Tree,,,,,,,,,,,,,,,,,,,,,,,,,,,,,,,
,,,,,,,,,,,,,,,,,,,,,,,,,,,,,,,,
Highest Score in Mode,,7021334,Oganesson 118 (Crop Duster),https://imgur.com/gallery/9saovWK,5036732,Quad (Triplet),https://imgur.com/a/VJIQ84b,20021586,Roman (Auto Overseer),https://imgur.com/a/cMumfGB,11912075,hi (Streamliner),https://imgur.com/a/Dvb3Txy,9617577,crong (Landmine),https://imgur.com/a/SDRZ7MI,7055567,Smiley (Smasher),https://imgur.com/a/IEY9Uk3,11720549,baking soda (Streamliner),https://imgur.com/gallery/rHKhSJg,11626716,Anak (Battleship),https://imgur.com/gallery/j18MkES,5595848,evil isopod (Swarmer),https://imgur.com/a/hbosxz1,6836778,Mine (Streamliner),https://imgur.com/a/roNCtVR,
,,,,,,,,,,,,,,,,,,,,,,,,,,,,,,,,
,Tier 1,,FFA,,,Maze,,,4TDM,,,2TDM,,                            Portal 4TDM                            ,,,,Maze 2TDM,,,Maze 4TDM,,,Squads-Duos,,,Open TDM,,,Open TDM,,
CellImage,Basic,5539118,JellySnk,https://imgur.com/a/hjwd7OZ,2791337,Quad,https://imgur.com/a/YHyhZCi,5124969,Smiley,https://imgur.com/a/VIJi4HN,3383654,8,https://imgur.com/a/fGHMrYH,3725901,Corrupt Y,https://imgur.com/a/uTUuC1D,2179259,ejv,https://imgur.com/gallery/wjEwGk0/comment/1994379987 ,3006019,WL9,https://imgur.com/a/ChokS3y,3181506,jax,https://imgur.com/a/qjylVkr,2694843,Ice Cream Samich,https://imgur.com/a/tfKKL3l,2189260,apple pizza,https://imgur.com/a/Zv2eeaI,
,,,,,,,,,,,,,,,,,,,,,,,,,,,,,,,,
,Tier 2,,FFA,,,Maze,,,4TDM,,,2TDM,,                            Portal 4TDM                            ,,,,Maze 2TDM,,,Maze 4TDM,,,Squads-Duos,,,Open TDM,,,Open TDM,,
CellImage,Director,,,,868451,pro master,https://imgur.com/a/rCc0zS4,2574837,Corrupt Y,https://imgur.com/a/tO1Y1qO,2687955,Heatherly,https://imgur.com/a/mokLQkv,,,,,,,,,,,,,,,,,,,
CellImage,Flank Guard,4280146,[LK],https://imgur.com/a/pFtwi8X,4602013,Quad,https://imgur.com/a/DKR0Vi6,4192377,Zeo'Xe,https://imgur.com/a/xUKCt8R,2855903,TheMadLad,https://imgur.com/a/nLXg0M3,7191839,Zeo'Xe,https://imgur.com/a/1ezge3c,1297253,üéã,https://imgur.com/a/d2KRSoq,1969700,YT-TY,https://imgur.com/a/j0cCIWI,6999083,rela üê£,https://imgur.com/gallery/g7L8W8l,2716884,Thx m8,https://imgur.com/a/TEQbZ1A,2232727,ŒπŒ±,https://imgur.com/gallery/vmwM67h,
CellImage,Machine Gun,5198845,Zeo'Xe,https://imgur.com/a/kAXpOb7,3185018,evil isopod,https://imgur.com/a/9T3dBfy,3564540,Zeo'Xe,https://imgur.com/a/H3uSkeD,2048192,Bum,https://imgur.com/a/WvLkq5W,4017778,Zeo'Xe,https://imgur.com/a/RzydxYr,1870433,Damocles,http://imgur.com/a/jYnmZ0o,1740003,ExC,https://imgur.com/a/BtYkzOE,2884868,<‚ùÇ> ‚Ç≠«ør…áa,https://imgur.com/gallery/G2665W8,1555689,Legenda,https://imgur.com/a/WNYmTHs,2136980,Ray,https://imgur.com/a/jjtyVDD,
CellImage,Pounder,3048582,ExC,https://imgur.com/a/pxH2Byk,1577298,hi,https://imgur.com/a/mUy0xpx,2196370,Thing,https://imgur.com/a/l0RS6I6,2139394,Psychlow,https://media.discordapp.net/attachments/395646588682240020/558412274914820106/Screen_Shot_2019-03-21_at_6.10.44_PM.png?,3014080,Mr.Chemistry,https://imgur.com/a/1IcfBD3,1332212,üéã,https://imgur.com/a/Y1OjBtc,2163316,Moral X,https://imgur.com/a/tNPaSNi,1466752,NOT|megaball[VN,https://imgur.com/a/lWOKWZa,1375027,HZ6,https://cdn.discordapp.com/attachments/372773851479932938/506774288485842954/Nevtelen.png,1428040,je7,https://imgur.com/a/LMonkoZ,
CellImage,Sniper,4451028,Denied,https://www.youtube.com/watch?v=rzzbHo0Yh8E&feature=youtu.be,3421131,Denied,https://www.youtube.com/watch?v=DUO8_t83Rr0&feature=youtu.be,6194236,Quad,https://imgur.com/a/L1246Ro,6134722,Denied,https://cdn.discordapp.com/attachments/395646588682240020/557215209727459339/arras.io_-_Google_Chrome_18_03_2019_14_51_35.png,3295032,jah,https://imgur.com/a/lGz6wtf,1405929,Cipher,https://imgur.com/a/MUgCQY3,2270380,[LK],https://imgur.com/a/fGIyqAU,2799932,Otobus,https://imgur.com/a/q6Q7pjv,3558276,Thing,https://imgur.com/a/btP0rgX,2000166,Cipher,https://imgur.com/a/Byl5Q9A,
CellImage,Trapper,1612035,<‚ùÇ> ‚Ç≠«ør…áa,https://imgur.com/gallery/G9IIWyT,1224549,[MG] Beetle,https://imgur.com/a/zMopdQf,2207318,ü•ïCrazy Carrotü•ï,https://imgur.com/a/R2Ld9Bu,1890365,From Asia,https://imgur.com/a/H6tGZG1,2009448,[MG] Spin2Team,https://imgur.com/a/5OsMPxR,1134722,YT-TY,https://imgur.com/a/DLOv8KW,1286053,‚öî Existenceüåô,https://imgur.com/a/IIr9ebl,1925579,Mine,https://imgur.com/a/OBkPCHQ,1010509,Denied,https://www.youtube.com/watch?v=NkFSfhxZAY4,1130436,[MG] Spin2Team,https://imgur.com/a/8W7BT6I,
CellImage,Twin,4153334,hi,https://imgur.com/a/NC6y3zL,2601708,Quad,https://imgur.com/a/GAD2pRN,3447134,Zeo'Xe,https://imgur.com/a/fmo6Bag,3710691,fortune,https://imgur.com/a/pHiBLAd,5092767,Smiley,https://imgur.com/a/YXPiRaA,2397130,Smiley,https://imgur.com/a/AhG4uy5,2045436,YT-TY,https://imgur.com/a/rmtNOGt,5610574,rela üê£,https://imgur.com/gallery/vmtO4ha,3107470,bean,https://imgur.com/a/DD5Og8F,2175366,uhhh ._.,https://imgur.com/a/sosh2fJ,
,,,,,,,,,,,,,,,,,,,,,,,,,,,,,,,,
,Tier 3,,FFA,,,Maze,,,4TDM,,,2TDM,,                            Portal 4TDM                            ,,,,Maze 2TDM,,,Maze 4TDM,,,Squads-Duos,,,Open TDM,,,Open TDM,,
CellImage,Artillery,6888942,4m,https://imgur.com/gallery/PJziRUu,3573614,4m,https://imgur.com/gallery/xSdTzNC,3695541,bum,https://imgur.com/a/fdqi9aC,4687592,Mine,https://imgur.com/a/09vgNJ3,6592286,evil isopod,https://imgur.com/a/gkGCW3n,1513259,Mine,https://imgur.com/a/7z2gClI,2500299,a letter a,https://cdn.discordapp.com/attachments/395646588682240020/730670632290877470/aa.png,5610404,Quad,https://imgur.com/a/Ld0MHcV,4084793,rela üê£,https://imgur.com/gallery/L5IaPmI,1410071,WL9,https://imgur.com/a/bLdulm6,
CellImage,Assassin,2049063,Thing,https://imgur.com/a/Tu1TkmU,1268418,Mine,https://imgur.com/a/wPsguKx,3583616,ŒπŒ±,https://imgur.com/gallery/6FH6M1T,6199971,CX has cute feet,https://imgur.com/a/BdjKLeG,3069152,Mine,https://imgur.com/a/SUgdLE5,2031586,CrimsonAsItIs,https://imgur.com/a/U4SsqRG,1365739,Colourful,https://imgur.com/gallery/wWIQt03,3282666,<‚ùÇ> ‚Ç≠«ør…áa,https://imgur.com/gallery/vu4o2dr,2059323,CX has cute feet,https://imgur.com/a/Bsxufut,1381028,CX has cute feet,https://imgur.com/a/rtFQkFo,
CellImage,Auto 3,2440640,4m,https://imgur.com/gallery/lQMZ6jo,1112219,SunIdea,https://imgur.com/a/FLMo4yW,2340346,Mine,https://imgur.com/a/p4XVTXn,2509118,Corrupt Y,https://imgur.com/a/BaNwmPF,1431681,CX has cute feet,https://imgur.com/a/O455w2Q,1232156,[MG] Spin2Team,https://imgur.com/a/8WpDSbG,1745961,132,https://www.facebook.com/photo/?fbid=2795772253991118&set=pcb.2795773713990972,1643316,ASkib,https://imgur.com/a/OKKuJrU,1708736,eneri,https://imgur.com/gallery/TCYso5Z,1211118,Mine,https://imgur.com/a/WKYANFK,
CellImage,Builder,3193211,ü•ïCrazy Carrotü•ï,https://imgur.com/a/Psgxwh9,3065634,<‚ùÇ> ‚Ç≠«ør…áa,https://imgur.com/gallery/ZoPW9py,2992791,<‚ùÇ> ‚Ç≠«ør…áa,https://imgur.com/gallery/7SBi6DT,2320462,<‚ùÇ> ‚Ç≠«ør…áa,https://imgur.com/gallery/GEe61w1,2193193,<‚ùÇ> ‚Ç≠«ør…áa,https://imgur.com/gallery/k3fuli5,2686349,<‚ùÇ> ‚Ç≠«ør…áa,https://imgur.com/gallery/SStq9V8,5105669,<‚ùÇ> ‚Ç≠«ør…áa,https://imgur.com/gallery/boXiZCr,3564987,Chaos,https://imgur.com/a/CgTfxMG,1476272,‚ò† ü·¥Ä…¢ –º·¥Äs—Ç·¥á Ä‚ò†,https://imgur.com/a/NqEFMHw,3531288,<‚ùÇ> ‚Ç≠«ør…áa,https://imgur.com/gallery/GyD7MTo,
CellImage,Cruiser,2398939,hi,https://imgur.com/a/kA2gGto,1275896,Silk,https://cdn.discordapp.com/attachments/395646588682240020/855530024493121546/screenshot_2.png,3776845,Corrupt Y,https://imgur.com/a/ZsNcJH4,3790128,8,https://imgur.com/a/Ma25hwj,1542711,üéã,https://imgur.com/a/7YKPIC8,1823832,[MG] Spin2Team,https://imgur.com/a/9TKTSuM,1366643,jax,https://imgur.com/a/bvsptPr,1805611,JOEL PAZ 488,https://imgur.com/a/lfXK7om,1281155,CX has cute feet,https://imgur.com/a/YB3T5d5,2525333,CX has cute feet,https://imgur.com/a/jOid2Xv,
CellImage,Destroyer,4006754,Damocles,https://media.discordapp.net/attachments/395646588682240020/535611640318787584/4m_Destroyer.png,3766285,Quad,https://imgur.com/a/0waFQqx,8619700,Smiley,https://imgur.com/a/aEKAbjg,4012717,Thing,https://imgur.com/a/UPydItj,4169598,bean,https://imgur.com/a/7zXwSgL,4755069,üéã,https://imgur.com/a/cwl1Oml,3705776,WL9,https://imgur.com/a/iuVC6SK,5370528,rela üê£,https://imgur.com/gallery/KzjQVbi,3372514,Laru, https://imgur.com/a/6DF5SY1,3310854,[LK],https://imgur.com/a/bSM23x5,
CellImage,Double Twin,4335230,Roman,https://imgur.com/a/00UWu7G,3512251,Quad,https://imgur.com/a/PuKSH6n,3124145,<‚ùÇ> ‚Ç≠«ør…áa,https://imgur.com/gallery/fTuYHxb,2836514,SunIdea,https://imgur.com/a/pPQ8SL2,2517257,Thx m8,https://imgur.com/a/KmuuWdd,1855543,nata,https://imgur.com/a/cwXMTKM,2587026,Smiley,https://imgur.com/a/m973PDN,2433557,Ditine,https://imgur.com/a/i92TVSd,3685785,Denied,https://www.youtube.com/watch?v=r1TxtoWL19Y,2063535,üéã,https://imgur.com/a/ieFbM21,
CellImage,Gunner,1994123,Anto,https://imgur.com/a/wsx8Kwi,1814769,Ray,https://imgur.com/a/7fWEjSU,4339953,Corrupt Y,https://imgur.com/a/HFJNNJJ,2458675,Corrupt Y,https://imgur.com/a/hnNekOZ,1541173,jsohi,https://imgur.com/gallery/35sC3yb,1166725,BHü•ïBunny Hop!,https://imgur.com/a/XOf6jij,1898021,Corrupt Y,https://imgur.com/a/xdQPka5,1811601,jax,https://imgur.com/a/qOrEFmQ,1383138,clockatiel,http://imgur.com/a/7sICGTe,1461438,üéã,https://imgur.com/a/IbZrVs4,
CellImage,Hexa Tank,5269394,Zeo'Xe,https://imgur.com/a/0wBIgc4,3608962,Quad,https://imgur.com/a/9Vg5gov,5036784,bum,https://imgur.com/a/MevNfgT,4208916,Broken,https://imgur.com/gallery/iVpCQdw,2053236,Corrupt Y,https://imgur.com/a/ko4p0EI,1865334,[LK],https://imgur.com/a/ZhDtlyd,4323791,rela üê£,https://imgur.com/gallery/bLq20M7,6901999,baking soda,https://imgur.com/gallery/6INJT4b,3130454,YT=GLITCHER TM,https://imgur.com/a/jCrIR4A,1635992,you tried ‚òÜ,https://imgur.com/a/MUTmCOF,
CellImage,Hunter,2181908,Denied,https://cdn.discordapp.com/attachments/395646588682240020/547436914073010177/arras.io_-_Google_Chrome_19_02_2019_15_15_47.png,1254726,pieroicaldetz,https://media.discordapp.net/attachments/814106254191493191/826051902239277086/screenshot_9.png,2278571,$hortstop,https://imgur.com/a/D5JWuH5,2436569,Septerion,https://imgur.com/gallery/bDJAwEn,1530569,Rog456,https://imgur.com/a/oR2S34u,1363315,69,https://imgur.com/a/6bgvY9X,1809014,Damocles,https://imgur.com/a/Yj9gfKc,1750326,NOT|megaball[VN,https://imgur.com/a/rXLglTd,1359314,pancake,https://imgur.com/a/Gvc3RIu,1123057,69,https://imgur.com/a/ZcqXrcZ,
CellImage,Launcher,2484877,evil isopod,https://imgur.com/a/h6S9iOQ,1182099,PainÁóõ„Åø,https://imgur.com/ngSqfKm,2134473,Askatasuna,https://imgur.com/a/ovzAn5m,2651275,8,https://imgur.com/a/uyMiT5y,1357363,you tried ‚òÜ,https://imgur.com/a/wncDke0,1405860,jsohi,https://imgur.com/gallery/k07K2tT,1132558,Corrupt Y,https://imgur.com/a/EV6JkVt,3593294,pool noodle,https://imgur.com/a/cXKJQja,556564,SunIdea,https://imgur.com/a/6IsXJsL,1203695,you tried ‚òÜ,https://imgur.com/a/obGcGec,
CellImage,Minigun,5247509,EB,https://imgur.com/a/NZZIImh,2437998,Quad,https://imgur.com/a/etv6ae3,3806822,baking soda,https://imgur.com/gallery/uHr6c35,4006342,bum,https://imgur.com/a/SkflJ3U,3001996,Septerion,https://imgur.com/gallery/az8Xawl,2050206,[MG] Spin2Team,https://imgur.com/a/5JTfm2l,2417728,DevŒ±,https://imgur.com/a/Xg0YkLI,2281566,Septerion,https://imgur.com/gallery/z1wBJyU,4153244,baking soda,https://imgur.com/gallery/HADBMLt,1668271,Mine,https://imgur.com/a/Z0CuP2S,
CellImage,Overseer,3070704,evil isopod,https://cdn.discordapp.com/attachments/395646588682240020/546167411615989760/unknown.png,2187888,Quad,https://imgur.com/a/o1ihbzO,17426552,evil isopod,https://imgur.com/a/iJK7O6K,6511640,evil isopod,https://imgur.com/a/5BxfCBK,,,,,,,3208012,evil isopod,https://imgur.com/a/vSLxKiX,2065231,[LK],https://imgur.com/a/rYFUPbK,2796308,evil isopod,https://imgur.com/a/0R5bGZl,2000474,ŒπŒ±,https://imgur.com/gallery/wBp26ey,
CellImage,Rifle,3294722,Absol,https://imgur.com/a/CtdlnOX,1650134,Quad,https://imgur.com/a/VWb3WLD,9696999,Para,https://imgur.com/gallery/NHaWUgK,6007478,Para,https://imgur.com/gallery/PP0Wazl,3360943,Mine,https://imgur.com/a/6MNj096,1635918,Pussy,https://cdn.discordapp.com/attachments/395646588682240020/725361803860770866/arras.io_-_Google_Chrome_22.06.2020_2_50_10.png,1575853,Damocles,https://imgur.com/a/5yt7TnE,2475464,Kris,https://www.reddit.com/r/Diep2io/comments/nudhjl/maze_squads_rifle_wr/,3006441,Denied,https://www.youtube.com/watch?v=CesHidkOdi4&feature=youtu.be,1831534,From Asia,https://imgur.com/gallery/UlApkhA,
CellImage,Smasher,3234479,Rog456,https://imgur.com/a/POOafke,3616454,Quad,https://imgur.com/a/byWGd6a,5778090,Jake,https://imgur.com/a/nYMCl04,7328693,Anto,https://imgur.com/a/Q2AJHfb,6016456,[MG] Spin2Team,https://imgur.com/a/MQGCAxP,7055567,Smiley,https://imgur.com/a/IEY9Uk3,6307262,Thx m8,https://imgur.com/a/gA8MviK,2396470,Mine,https://imgur.com/a/S5XBHy2,4456913,Chaos,https://imgur.com/a/dFLs0yx,1739994,Mine,https://imgur.com/a/yteI0VS,
CellImage,Spawner,1276708,<‚ùÇ> ‚Ç≠«ør…áa,https://imgur.com/gallery/bjuJA6n,1205275,evil isopod,https://imgur.com/a/QIKTwin,2859878,CX has cute feet,https://imgur.com/a/AnY6Vv3,4617594,bum,https://imgur.com/a/zFRGhJH,2339500,Corrupt Y,https://imgur.com/a/SZd9L51,2193295,Micckey üòé,https://imgur.com/gallery/aj4wMnw,4307705,baking soda,https://imgur.com/gallery/rxYJF4g,2170983,<‚ùÇ> ‚Ç≠«ør…áa,https://imgur.com/gallery/xF0WlBe,1373840,Corrupt Y,https://imgur.com/a/TQbIzxD,1132525,CX has cute feet,https://imgur.com/a/exbDdQS,
CellImage,Trap Guard,4097116,Anto,https://imgur.com/a/45RF3rK,3005626,Quad,https://imgur.com/a/iqJ0H46,9352891,pedal,https://imgur.com/a/3AK5MJI,3336222,baking soda,https://imgur.com/gallery/epLMsKv,3820048,clockatiel,http://imgur.com/a/li2ImU8,2461450,‚ò† ü·¥Ä…¢ –º·¥Äs—Ç·¥á Ä‚ò†,https://imgur.com/a/G9xlF3m,2006769,ExC,https://imgur.com/cIHgX0h,3331731,Gamboge,https://imgur.com/a/zIT7z9W,2757242,loaf,https://imgur.com/a/qQFi5Oj,1866208,deepfreeze,https://imgur.com/a/vOYmmje,
CellImage,Tri-Angle,2491436,Candy!,https://cdn.discordapp.com/attachments/395646588682240020/470344744413954079/unknown.png,1896088,Stardust,https://imgur.com/a/CSMV5g4,4270404,baking soda,https://imgur.com/gallery/Sokz4Tv,2775258,<‚ùÇ> ‚Ç≠«ør…áa,https://imgur.com/gallery/mv2x6c0,2259611,Raptor,https://imgur.com/a/U0HquFP,4510209,Mine,https://imgur.com/a/AI4ijwq,1458591,Darky v2,https://imgur.com/a/yJ9w8nR,2604759,Thx m8,https://imgur.com/a/m6SB0Lb,1663669,long vn :D,https://imgur.com/gallery/tEwTDos,1307755,Mine,https://imgur.com/a/cn8ripz,
CellImage,Triple Shot,3752572,Icewalk,https://imgur.com/gallery/YvhAMtf,2705957,Smiley,https://imgur.com/a/iTGyGaw,3207778,rela üê£,https://imgur.com/gallery/5LfE3Ny,3767623,Otobus,https://imgur.com/a/QepawHD,3160119,baking soda,https://imgur.com/gallery/dusPDKk,1391563,lotion,https://imgur.com/a/17vJXJ0,1782618,Icewalk,https://imgur.com/gallery/GkcvHQn,5813629,<‚ùÇ> ‚Ç≠«ør…áa,https://imgur.com/gallery/5auaT4L,2289269,Toy Maker,https://imgur.com/a/rBuaNPV,1645452,<‚ùÇ> ‚Ç≠«ør…áa,https://imgur.com/gallery/f1fqDcg,
CellImage,Tri-Trapper,1258067,Corrupt Y,https://imgur.com/a/LUMvbYl,1704279,Smiley,https://imgur.com/a/3k0Shlb,2232045,Corrupt X,https://imgur.com/a/sEXZiso,2096633,CX has cute feet,https://imgur.com/a/o6RWGKz,1803356,ŒπŒ±,https://imgur.com/gallery/GSzbtFr,1338624,CX has cute feet,https://imgur.com/a/bsgY9nF,1973238,no go,https://imgur.com/a/pN3bDv6,3568823,no go,https://imgur.com/a/TDj79Gn,1087597,you tried ‚òÜ,https://imgur.com/a/sr2fs9w,1067330,‚Çµ‚±†‚Ç≥‚ÇÆ‚±´ ‚Ç£√ò‚±§‚Ç≤,https://imgur.com/a/6qqbHyh,
CellImage,Underseer,1500124,Smiley,https://imgur.com/a/BkX1dGL,1323266,Silk,https://cdn.discordapp.com/attachments/395646588682240020/855284887967367168/screenshot_9.png,4024595,Minty,https://imgur.com/a/BFf6YWB,4047369,Ditine,https://imgur.com/a/ptnoyYs,3006750,BaLu,https://youtu.be/knpqSlF5HVo,1496643,Xenom,https://imgur.com/a/3asMEsU,1826170,<‚ùÇ> ‚Ç≠«ør…áa,https://imgur.com/gallery/UVdZd76,1559415,From Asia,https://imgur.com/gallery/dECSwF2,1096841,From Asia,https://imgur.com/gallery/mK6Jmfz,1399116,From Asia,https://imgur.com/a/yrqsi15,
,,,,,,,,,,,,,,,,,,,,,,,,,,,,,,,,
,Tier 4,,FFA,,,Maze,,,4TDM,,,2TDM,,                            Portal 4TDM                            ,,,,Maze 2TDM,,,Maze 4TDM,,,Squads-Duos,,,Open TDM,,,Open TDM,,
CellImage,Annihilator,5334915,ExC,https://imgur.com/a/ccT9sMd,3872145,Chaos,https://imgur.com/a/pc7B8GB,6193777,Hydra,https://imgur.com/a/EdSAm5d,6847212,Thing,https://imgur.com/a/z6ssqnS,4130085,Dark,https://imgur.com/a/O2earv2,6089349,Smiley,https://imgur.com/a/9za9B4K,3745126,ExC,https://imgur.com/a/JNqf3OF,4560119,Chaos,https://imgur.com/a/GihXJ2g,3261133,Sonic -_-,https://imgur.com/gallery/CabgkX4,2759877,Chaos,https://imgur.com/a/J9mLmJn,
CellImage,Architect,3054637,4m,https://imgur.com/gallery/l5JBRik,2503466,4m,https://imgur.com/gallery/AnfmZ5m,5109796,132,https://imgur.com/gallery/xr61AmQ,3043072,Thing,https://imgur.com/a/8eYtNke,2662141,Rog456,https://imgur.com/gallery/ptWkq2m,1391256,Rog456,https://imgur.com/gallery/hzoSK50,1373832,ùìíùìÆùìµùìÆùìºùìΩùì≤ùì™ùìµüåô,https://imgur.com/a/yypoaqz,2915289,Chaos,https://imgur.com/a/xF9N6F0,5094405,132,https://imgur.com/a/luva5uJ,1566248,Mine,https://imgur.com/a/QXS2Hsv,
CellImage,Armsman,3527224,FunPlayer05,https://imgur.com/a/Q1xK0Md?third_party=1,3143118,Mine,https://imgur.com/a/eAoXdp8,3549090,Thing,https://imgur.com/a/9ahYnVY,8425280,Para,https://imgur.com/gallery/wpfro1Q,1967005,Mine,https://imgur.com/a/beh4S1M,2607705,Chaos,https://imgur.com/a/8rnewQj,3186555,Mine,https://imgur.com/a/pRixYaT,5083845,ŒπŒ±,https://imgur.com/gallery/6S2dTda,2047868,Mine,https://imgur.com/a/T5b5fi6,1321197,Mine,https://cdn.discordapp.com/attachments/395646588682240020/862041526384853042/screenshot_-_2021-07-06T114215.567.png,
CellImage,Auto-4,3029712,Zeo'Xe,https://imgur.com/a/pdIdXYV,1610253,Quad,https://www.youtube.com/watch?v=QgE0a5G01pk,2536228,baking soda,https://imgur.com/gallery/R9vSljr,2637534,UwU,https://imgur.com/a/Zt4KMgS,2534774,DevŒ±,https://imgur.com/a/FRidXSw,1129010,poui,https://imgur.com/a/oayAKYl,1170770,SunIdea,https://imgur.com/a/jECB9Bk,2694714,ASkib,https://imgur.com/a/rPsrcX0,2198748,132,https://imgur.com/a/w1ZOmIj,2238992,132,https://imgur.com/a/MehUq6Z,
CellImage,Auto-5,5507442,evil isopod,https://imgur.com/a/3JdoNT2,3256609,Stardust,https://imgur.com/a/qFW8gcL,3514139,bean,https://media.discordapp.net/attachments/395646588682240020/835423482740736060/unknown.png?,2208340,huy vn :D,https://imgur.com/a/TpVc461,1785973,üå∑|retnuH,https://imgur.com/gallery/yiayu2D,1180086,Mine,https://imgur.com/a/aEs05Iu,1659331,eel,https://ibb.co/album/rfR86z,2064277,Xenom,https://imgur.com/a/TDskSRD,1884928,SunIdea,https://imgur.com/a/R4cwujw,1539977,Giggity,https://imgur.com/a/9Qy6yPR,
CellImage,Auto Assassin,4577413,evil isopod,https://media.discordapp.net/attachments/395646588682240020/851774174057725962/screenshot_94.png?,2168616,mental,https://imgur.com/gallery/72oNMTK,9533746,Thing,https://imgur.com/a/3tyXdPH,6011922,hi,https://imgur.com/a/UraMA7j,4936258,hewo,https://imgur.com/a/4fK7fKu,1846286,[LK],https://imgur.com/gallery/KBcoFRl,3887968,„Ñö·¥á·¥õ…™üçù,https://imgur.com/a/aUVbg34,5015942,Roman,https://imgur.com/a/CyiJAjg,2790940,Sei,https://imgur.com/a/WjpjadK,1892300,loaf,https://imgur.com/a/qaoBiQv,
CellImage,Auto Builder,2919625,Anak,https://imgur.com/a/HwMhU6A,2418057,hiyo154,https://www.reddit.com/r/Arrasio/comments/smtj54/auto_builder_maze_wr/,2862246,Smiley,https://imgur.com/a/RcCxrpi,7269160,X...,https://imgur.com/a/LonZ3nv,3683276,üå∑|retnuH,https://imgur.com/gallery/X8q9h2f,1994633,jah,https://imgur.com/a/Ge3syjD,2221788,[üçû]little one <3üç´üç¶üçë,https://imgur.com/a/atuB1oC,4558669,ü•ïCrazy Carrotü•ï,https://imgur.com/a/sJf5sy7,3061681,ASkib,https://imgur.com/a/K5BSfv9,2906256,Mine,https://imgur.com/a/9V5Ab3b,
CellImage,Auto Cruiser,2472388,Thing,https://media.discordapp.net/attachments/795074325212299286/962440163869466664/unknown.png,1650871,Mine,https://imgur.com/a/XZF3ggg,3512231,Septerion,https://imgur.com/gallery/2jBPXhB,4006058,X...,https://imgur.com/a/x83dGTL,4034895,CrimsonAsItIs,https://imgur.com/gallery/Z6RsGtE,1716438,Askatasuna,https://imgur.com/a/lmNxKQp,1097472,edamame„Å®„ÅÑ„Åµ‰∫∫,https://imgur.com/a/bdkBMEf,3391428,Anak,https://imgur.com/a/XBxjxef,1820227,Awootube,https://imgur.com/a/JIoIxJA,2018883,Mine,https://imgur.com/a/9hxIJjr,
CellImage,Auto Double,4368346,Anto,https://imgur.com/a/BcwXEHo,3187600,Quad,https://imgur.com/a/LLVwDZH,5792024,Silvius,https://imgur.com/a/mmd4hTy,3262310,Thing,https://imgur.com/a/BGJjGwA,2687861,Mine,https://imgur.com/a/LuooUCi,3218143,cyan,https://imgur.com/a/ipvgkOv,2663002,Damocles,http://imgur.com/a/bAyFGjZ,8151530,hi,https://imgur.com/a/JAFwr3A,4083418,Legenda,https://imgur.com/a/ugAQOXR,3848551,From Asia,https://imgur.com/a/8Ei2W8i,
CellImage,Auto Gunner,2613648,Smiley,https://imgur.com/a/T8fjxM0,3216202,evil isopod,https://imgur.com/a/NNuCPHa,5055894,Smiley,https://imgur.com/a/fxqgWKz,4296072,baking soda,https://imgur.com/gallery/l6LnKnU,2246931,Broken,https://imgur.com/a/k4rKPHG,1922926,cyan,https://imgur.com/a/KyTzFRT,1618414,Mine,https://imgur.com/a/erdg0a5,3992405,Kris,https://www.reddit.com/r/Diep2io/comments/ofkpo9/399m_4mil_denial_autogunner_squads/,2447067,Ice Cream Samich,https://imgur.com/a/VjF3aUt,2278880,Typical Assassin,https://imgur.com/a/bPBBlfo,
CellImage,Auto Overseer,3052192,Sunburst,https://media.discordapp.net/attachments/519599928972935180/545800633035522068/arras.io_-_Google_Chrome_15.02.2019_5_48_33.png?width=1164&height=655,1972085,4m,https://imgur.com/gallery/HKej43Q,20021586,Roman,https://imgur.com/a/cMumfGB,6441866,OnyxD,https://imgur.com/a/xY26tCU,6408598,ü•ïCrazy Carrotü•ï,https://imgur.com/a/OLV2ouU,2203212,Yukihira,https://imgur.com/a/lcCsj55,3990688,rela üê£,https://imgur.com/gallery/67iR09o,1793745,you tried ‚òÜ,https://imgur.com/a/dHztt8z,3410524,ü•ïCrazy Carrotü•ï,https://media.discordapp.net/attachments/835384578830368819/861595507536560138/3.410m_Autoseer.png?width=720&height=378,2051417,„Åê„Çç„Éº„Åô,https://imgur.com/a/ekspzjx,
CellImage,Auto Smasher,4114739,Jazz,https://imgur.com/a/vT8eZOX,2221839,Zeo'Xe,https://imgur.com/a/9IOQYuC,7118526,ExC,https://imgur.com/a/RxNQy8h,5115310,Ditine,https://imgur.com/a/tj14X8X,4364338,Jake,https://imgur.com/gallery/sEkXD3y,3021835,Damocles,https://imgur.com/a/erdD2DZ,3326430,Darky,https://imgur.com/a/gIkr96G,2839948,Mine,https://imgur.com/a/HHxf6ic,4469929,ExC,https://imgur.com/a/xHoB6XC,1559097,raphael,https://imgur.com/a/iqBfhoF,
CellImage,Auto Spawner,2783397,UwU,https://imgur.com/a/z1fnMDs,1225214,UwU,https://imgur.com/a/X8nP5EO,3514139,bean,https://imgur.com/a/LwVZwJt,2290078,Xenom,https://imgur.com/a/foTlrbL,2963572,Corrupt Y,https://imgur.com/a/wLlNnZ2,1573074,jah,https://imgur.com/a/IReDJba,1839081,JOEL PAZ 488,https://imgur.com/a/bFX11DR,4651131,Mr.Hacker YT,https://imgur.com/a/1TtpAdU,1637465,UwU,https://imgur.com/a/rem0hx2,1443402,Stardust,https://imgur.com/gallery/bXo7knY,
CellImage,Auto Tri-Angle,4439908,Smiley,https://imgur.com/a/5n5CIJp,2592226,Smiley,https://imgur.com/a/zR5kzSs,5362586,ŒπŒ±,https://imgur.com/gallery/gwa1PQC,3507520,üéã,https://imgur.com/a/XXbkxk6,2150171,Chaos,https://imgur.com/a/BUm8UHY,1718606,Haha Bee üêù,https://imgur.com/a/wWr0ovo,1587513,‚ò† ü·¥Ä…¢ –º·¥Äs—Ç·¥á Ä‚ò†,https://imgur.com/a/CqmekXa,3996892,ŒπŒ±,https://imgur.com/gallery/CfarO6b,3221899,OnyxD,https://imgur.com/a/4R3vGxu,1697545,mexican god,https://www.reddit.com/r/Diep2io/comments/oiw1qe/open_maze_3_tdm_auto_triangle_wr/,
CellImage,Banshee,3630000,YT-TY,https://www.youtube.com/watch?v=EkCMiUc49DY,1701662,4m,https://imgur.com/gallery/UjrxJ3e,3060455,Thing,https://imgur.com/a/gZZxemg,2843764,Mine,https://imgur.com/a/o2mP4Z5,2797867,4m,https://imgur.com/gallery/UdUhoWe,1438286,WL9,https://imgur.com/a/CWdSHeI,2590578,Ditine,https://imgur.com/a/N7mVEeB,1864192,ùïä√òœÖƒª,https://imgur.com/a/Tz5GS4N,,,,1514389,amToast,https://imgur.com/a/3AzLN1G,
CellImage,Barricade,6217638,Roman,https://imgur.com/a/c4JjDth,2417315,Micckey üòé,https://imgur.com/gallery/JM9wxwW,4225160,baking soda,https://imgur.com/gallery/m2RYlkj,4183640,Die?,https://imgur.com/a/7qdEaMc,3906493,Tommy,https://imgur.com/a/IXVDvLS,2744067,‚ó£“í»Ω‚Ç≥ŒúŒ£Œ≤‚ó•,https://imgur.com/a/WPxPLRl,2198464,poui,https://imgur.com/a/phuiBfT,3698915,baking soda,https://imgur.com/gallery/K1elzkU,2635556,crong,https://imgur.com/a/eTTPyCV,2388769,Anto,https://imgur.com/a/InwVcZ7,
CellImage,Battleship,2942284,Zeo'Xe,https://imgur.com/a/br3ibWQ,1621262,Askatasuna,https://imgur.com/a/cBrRXDj,3552841,Minty,https://imgur.com/a/CazHLet,4226166,8,https://imgur.com/a/lUQOd2P,5362789,Askatasuna,https://imgur.com/a/LhwiWU1,1162237,Spacebar,https://imgur.com/a/KB4CFBk,1649389,jax,https://imgur.com/a/igCRTP2,11626716,Anak,https://imgur.com/gallery/j18MkES,3177650,PrOTeCh,https://imgur.com/a/jVtAaj0,1684443,uhhh ._.,https://www.reddit.com/r/Diep2io/comments/my056u/watcha_doing/,
CellImage,Beekeeper,2895979,duud,https://imgur.com/a/cWysWkt,2469450,BaLu,https://imgur.com/gallery/4NJe9Rn,8859344,baking soda,https://imgur.com/gallery/bLRT66V,4329359,bum,https://imgur.com/a/Mh0m4tC,3340259,jsohi,https://imgur.com/gallery/Wbg8SKF,1880945,Mine,https://imgur.com/a/kaj9x1r,1562590,Abience,https://imgur.com/a/nqxWpzm,5506615,baking soda,https://imgur.com/gallery/ZVp5E4F,1878712,ASkib,https://imgur.com/a/3u1KYFm,1654189,Mine,https://imgur.com/a/PT79cR1,
CellImage,Bent Double,5881966,Tommy,https://imgur.com/a/WpMP67P,3771375,baking soda,https://i.imgur.com/i2GAx1q.png,7296093,ŒπŒ±,https://imgur.com/gallery/68vV8gq,3563012,Anto,https://imgur.com/a/9ai4v7m,4730075,baking soda,https://imgur.com/gallery/EcihqMy,1443329,ThunderFlame,https://imgur.com/a/V5sJhNr,1741580,SS 69,https://imgur.com/a/bOCPtt6,3914603,ŒπŒ±,https://imgur.com/gallery/QjgHd5U,2548011,Toy Maker,https://imgur.com/a/YTFqf71,3363251,rela üê£,https://imgur.com/gallery/wJApgrK,
CellImage,Bent Hybrid,5518921,mq,https://imgur.com/a/hPqyU7i,3292673,Quad,https://imgur.com/a/U1d9ovB,5025699,Rog456,https://imgur.com/gallery/iPluFIV,4268419,Thing,https://imgur.com/a/rnDQkQW,6408085,Harry,https://imgur.com/a/ei70RC0,2301988,Broken,https://imgur.com/a/diGPGrL,2001702,ExC,https://imgur.com/a/x18oaKl,7203440,Quad,https://imgur.com/a/izc5CcM,2289673,Anto,https://imgur.com/a/pUIFkLi,1325761,you tried ‚òÜ,https://imgur.com/a/BuW4zBW,
CellImage,Bomber,3220980,ExC,https://imgur.com/a/Jlnxv96,1700802,CrimsonAsItIs,https://imgur.com/gallery/UEUGEfb,8440849,Stardust,https://imgur.com/a/V04ayJi,4172250,Smiley,https://imgur.com/a/LZSzPSM,2471532,Mine,https://imgur.com/a/8gV3yrE,1406408,‚ò† ü·¥Ä…¢ –º·¥Äs—Ç·¥á Ä‚ò†,https://imgur.com/a/VrZydh1,1432252,Helaas Pindakaas,https://imgur.com/a/Md46ayN,3013317,Harry,https://imgur.com/a/RiZZvoa,2441389,Darky,https://imgur.com/a/1Tk2QY0,1617073,Mine,https://imgur.com/a/H7DgVIS,
CellImage,Boomer,2849055,evil isopod,https://imgur.com/a/OqbTWcj,2500923,Mine,https://imgur.com/a/T52TxPQ,3538269,zo,https://imgur.com/a/QS5jpSK,6516562,zo,https://imgur.com/a/YuZHxjj,5024955,Mine,https://imgur.com/a/eyrXoNo,1845568,Mine,https://imgur.com/a/rz3nE2B,3226541,Mine,https://imgur.com/a/Pp7Cfd6,5594392,baking soda,https://imgur.com/gallery/ITa62SE,4202325,PQD[VN](DVN),https://imgur.com/a/YWmbwPt,2079506,Mine,https://imgur.com/a/NDJ4AON,
CellImage,Booster,4700319,Jimmy,https://cdn.discordapp.com/attachments/395646588682240020/444882589208281098/unknown.png,2314545,the midnight,https://media.discordapp.net/attachments/395646588682240020/745956623112994896/unknown.png,6381585,Sprunk,https://imgur.com/gallery/PZI6SMO,5028132,Sprunk,https://www.youtube.com/watch?v=B0PpuZtq2HI,5194668,bean,https://imgur.com/a/E6LnBse,2301036,ùïÉùïöùï•ùï•ùïùùïñ ùîπùïöùï£ùïï,https://imgur.com/a/tpbXsiU,2796564,eel,https://media.discordapp.net/attachments/477580168194555945/713147139106144266/boster.png,2950163,Stardust,https://imgur.com/a/L7bkQaR,2195740,lotion,https://imgur.com/OOgrt0G,2207597,<‚ùÇ> ‡πñ€£€úIs Me Kid /·ê†ÔΩ°ÍûàÔΩ°·êü\,https://cdn.discordapp.com/attachments/710031038230823003/714842050004254833/screenshot_5.png,
CellImage,Bulwark,6089463,Zeo'Xe,https://imgur.com/a/Z2FQEh3,3103939,Icewalk,https://imgur.com/gallery/maFVt39,3245447,Awootube,https://imgur.com/a/4merq3k,3092728,Myst,https://media.discordapp.net/attachments/411954588745465857/563149340722593793/unknown.png?,3071977,Zeo'Xe,https://imgur.com/a/3aQAfhj,2126805,Server Dominated,https://imgur.com/a/253mqW2 ,1515248,Varun,https://imgur.com/a/h1f9xgp,7258999,Quad,https://imgur.com/a/V5ReyDx,4370542,Corrupt X,https://imgur.com/a/K69oDFz,1413332,Mine,https://imgur.com/a/51Z2Ssq,
CellImage,Bushwhacker,4574126,NoName,https://drive.google.com/file/d/1-N54n5thzL88G_S07gdzi1nQAAtUostc/view?usp=sharing,2879587,Denied,https://www.youtube.com/watch?v=73jxwd4bDD0&feature=youtu.be,5164004,evil isopod,https://imgur.com/a/MIQdcL5,8069915,pedal,https://imgur.com/a/0gc4KaW,2982963,Corrupt X,https://imgur.com/a/QciQ3Yg,3082761,Corrupt X,https://www.youtube.com/watch?v=BcQwp6EUmvk,1734854,ExC,https://imgur.com/a/pNrfoi2,3658439,jax,https://imgur.com/a/ttIuX0k,3221325,bean,https://imgur.com/a/lyqNdMn,1540726,Mine,https://imgur.com/a/x9HOALv,
CellImage,Carrier,3592937,Absol,https://imgur.com/a/bYakFXq,2012168,Silk,https://imgur.com/a/lm71yXJ,3128113,evil isopod,https://imgur.com/gallery/x9R4Hdg,2773290,CrimsonAsItIs,https://imgur.com/gallery/LYKqBOW,2933762,Corrupt X,https://www.youtube.com/watch?v=Uaqk8SNvb1Y,1131594,Neptuun,https://imgur.com/gallery/5yys5f6,1198235,Mine,https://imgur.com/a/7HaKMGy,2536700,Awootube,https://imgur.com/a/WkBB6ym,2087503,evil isopod,https://imgur.com/a/LVhUeU4,1060526,Mine,https://imgur.com/a/bMRwh6x,
CellImage,Commander,549054,SunIdea,https://imgur.com/a/z0nBDD1
,1519130,Stardust,https://imgur.com/a/fQ31par,724251,squid lotion,https://imgur.com/a/HveVxr2,827084,SunIdea,https://imgur.com/a/mRIWKvv,,,,598950,squid lotion,https://imgur.com/gallery/oAImdDU,,,,503091,JasonSycier,https://imgur.com/a/okYtMBD,,,,1500279,Mine,https://imgur.com/a/WCYLOYa,
CellImage,Conqueror,2505125,lotion,https://imgur.com/a/zKVW1yO,2756216,Smiley,https://imgur.com/a/yGkthl6,3297144,Trastectic,https://imgur.com/a/2wyvPK1,2817138,Mr.Chemistry,https://imgur.com/a/ZFV40VP,1828184,[CONQ] Tasty,https://imgur.com/a/Tmbr2pa,2506709,Corrupt Y,https://imgur.com/a/HUaGSzI,2317836,‚ò† ü·¥Ä…¢ –º·¥Äs—Ç·¥á Ä‚ò†,https://imgur.com/a/9uDTwse,2331589,Trastectic,https://imgur.com/a/YxN3ZAP,1485186,Mine,https://imgur.com/a/DbdKlGO,2573276,Mine,https://imgur.com/a/f30BkaG,
CellImage,Constructor,2032737,Thing,https://imgur.com/a/VsYOc4e,3207561,TheMadLad,https://imgur.com/a/miLbqr7,5505789,Smiley,https://imgur.com/a/oI2w1qu,3522087,Giggity,https://imgur.com/a/0En9ges,1710323,Giggity,https://imgur.com/a/vZfKML0,2447700,Rog456,https://imgur.com/gallery/cXW3kYI,2378857,BaLu,https://youtu.be/RYbG2T4lxto,5113957,Quad,https://imgur.com/a/hq9NKJ0,3122171,Giggity,https://imgur.com/a/avf57Mo,2195911,Mine,https://imgur.com/a/s8b8rSP,
CellImage,Crop Duster,7021334,Oganesson 118,https://imgur.com/gallery/9saovWK,2299797,baking soda,https://imgur.com/gallery/ErPYeXb,4014560,baking soda,https://imgur.com/gallery/xNxBru8,4603093,xahh,https://imgur.com/a/IQBacrK,4718790,ExC,https://imgur.com/a/3qeT4x2,1833853,Pawel99UK,https://imgur.com/a/rc7HGWi,2221858,baking soda,https://imgur.com/gallery/tDzdYrW,2157390,Mine,https://imgur.com/a/X4iJQJC,2313732,Ice Cream Samich,https://imgur.com/a/BIUaVwh,1930116,Mine,https://imgur.com/a/hWLRxdG,
CellImage,Crossbow,3121598,LOLOLO,https://imgur.com/a/1ZKnPr0,1661179,Toy Maker,https://imgur.com/a/vzpSCSv,3501351,New Plan,https://imgur.com/a/X3mMk9x,5066532,bum,https://imgur.com/a/svSdvVH,1578287,uhhh ._.,https://www.reddit.com/r/Diep2io/comments/ndrbx1/me/,2364731,WL9,https://imgur.com/gallery/4tGUj6O,1276318,poui,https://imgur.com/a/7RF7jLM,2282904,evil isopod,https://imgur.com/a/E6tRjI3,3058886,fortune,https://imgur.com/a/Gn8AuGN,3023443,Mine,https://imgur.com/a/rlxfvwB,
CellImage,Cyclone,5753120,Crown the √ñ.,https://imgur.com/a/WccOoCk,1318304,YT=GLITCHER TM,https://imgur.com/a/kCv7cxM,4062252,Tommy,https://imgur.com/a/2tJUDvN,3034235,132,https://imgur.com/a/vj59t2C,2254813,HiYouHavePolio,https://imgur.com/a/mrTRHCJ,1182798,Damocles,https://cdn.discordapp.com/attachments/395646588682240020/645736133627478016/screenshot_-_2019-11-17T152413.200.png,1621072,Corrupt X,https://www.youtube.com/watch?v=6EW4JYd7hxk,4125100,rela üê£,https://imgur.com/gallery/TQ3K35K,2877584,132,https://imgur.com/a/3i2Raz7,1130230,zo,https://imgur.com/a/J3Of2az,
CellImage,Dual,4605383,evil isopod,https://imgur.com/a/A8LGFph,2213623,CX has cute feet,https://imgur.com/a/MFRwiVl,5964844,Crazoodles,https://imgur.com/gallery/oQcDzZi,3286282,fortune,https://imgur.com/a/fXUGQF5,5105491,Corrupt X,https://imgur.com/a/s8NUJe0,2210023,Corrupt X,https://imgur.com/a/BNIJTBz,2580279,Motorcycle,https://imgur.com/a/Z5pKkoc,3099239,CX has cute feet,https://imgur.com/a/bxhxh6e,2446277,rela üê£,https://imgur.com/gallery/1uSiGZG,1215148,Colourful,https://www.reddit.com/r/Diep2io/comments/p5za0t/121_dual_wr_open_maze_4tdm_on_1782021/,
CellImage,Eagle,2546843,<‚ùÇ> ‚Ç≠«ør…áa,https://imgur.com/gallery/cwHxN1z,2067030,Rog456,https://imgur.com/a/MEmmUN6,3383568,Rog456,https://imgur.com/a/wI3sdg9,5212543,Mine,https://imgur.com/a/GOdj6mr,1944089,TacoCat,https://imgur.com/a/7rXrYjf,2301773,Corrupt X,https://www.youtube.com/watch?v=AhiIqFN0y30,1360007,qoh,https://imgur.com/gallery/gIWagWZ,3287335,Stardust,https://imgur.com/a/aJJpq84,1795332,Toy Maker,https://imgur.com/a/aYBma4d,1165222,you tried ‚òÜ,https://imgur.com/a/rARVQtk,
CellImage,Engineer,3440000,Anto,https://imgur.com/a/ra7bf4a,3564120,Kris,https://www.reddit.com/r/Diep2io/comments/o6f4mb/35m_maze_engineer_fixing_the_server_from_teamers/,4447053,evil isopod,https://imgur.com/a/vOX0Utl,3138118,Nya~,https://imgur.com/a/oq9u0hH,3148426,‚ò† ü·¥Ä…¢ –º·¥Äs—Ç·¥á Ä‚ò†,https://imgur.com/a/RsPhmhY,1547525,üéã,https://imgur.com/a/F9lgM17,2575303,Damocles,http://imgur.com/a/EP7jqjP,4809995,Ditine,https://imgur.com/a/j46JID4,2197197,Nya~,https://imgur.com/a/5ASJXp2,1999995,Mine,https://imgur.com/a/xTMLNm8,
CellImage,Factory,2702132,Smiley,https://imgur.com/a/5Z6EIB0,2056815,evil isopod,https://imgur.com/a/EqAzkW4,3017610,PainÁóõ„Åø,https://imgur.com/gallery/q5xSwPi,5213429,Smiley,https://imgur.com/a/DKfSuzN,1945803,Zeo'Xe,https://imgur.com/a/B3vjBRJ,2761842,TacoCat,https://imgur.com/a/jlBlV7S,2302399,Smiley,https://imgur.com/a/rRE2FMS,3218769,baking soda,https://imgur.com/gallery/FaebYe7,1743156,Giggity,https://imgur.com/a/1UvggFh,4541090,jax,https://imgur.com/a/FnOpsI9,
CellImage,Falcon,3388724,Sashazzz,https://imgur.com/a/7yGHb2w,1913502,Rog456,https://imgur.com/a/L9xqGgx,5201563,evil isopod,https://imgur.com/a/mGasGO0,5821096,OnyxD,https://imgur.com/a/pyBABD5,2811848,you tried ‚òÜ,https://imgur.com/a/7QXGQ4f,2396470,Corrupt X,https://www.youtube.com/watch?v=EX4FrXlTVNQ,1952542,you tried ‚òÜ,https://imgur.com/a/0ndWreu,2610683,Smiley,https://imgur.com/a/htESWO8,2819922,S3CR3T,https://cdn.discordapp.com/attachments/395646588682240020/483976487356334082/Kepernyofelvetel_139.png,3244353,From Asia,https://imgur.com/gallery/JIbHLug,
CellImage,Fighter,4010111,Sunburst,https://cdn.discordapp.com/attachments/512263683309699103/542337634169651220/arras.io_-_Google_Chrome_28.01.2019_6_33_21.png,3172537,Quad,https://imgur.com/a/aLCHEIm,5492122,Thing,https://imgur.com/a/1MxK9Gy,4803121,pedal,https://cdn.discordapp.com/attachments/395646588682240020/586671601676845065/unknown.png,1692229,Raptor,https://imgur.com/a/Jt4xkdR,2894000,pedal,https://cdn.discordapp.com/attachments/395646588682240020/585686849889239041/unknown.png,2505000,$hortstop,https://imgur.com/a/McKUiL8,4115910,bum,https://imgur.com/a/j9ax5iw,1841886,ASkib,https://imgur.com/a/dfx0dh6,1293784,you tried ‚òÜ,https://imgur.com/a/bVwPjXU,
CellImage,Fortress,3502383,Absol,https://imgur.com/a/5gtTvlG,1477829,lou,https://imgur.com/a/NXdtK85,4184322,bum,https://imgur.com/a/VLBPVMb,2906716,Corrupt Y,https://imgur.com/a/iP8bXvo,1992432,edamame„Å®„ÅÑ„Åµ‰∫∫,https://imgur.com/a/sP4b0yS,1779171,Giggity,https://imgur.com/a/a4zu5EO,1227337,Chaos,https://imgur.com/a/ECTKhEa,7229119,baking soda,https://i.imgur.com/NpwZTef.png,2050652,CX has cute feet,https://imgur.com/a/TNuWY80,1162071,CX has cute feet,https://media.discordapp.net/attachments/873361531537076244/874358911212322886/Screen_Shot_2021-08-09_at_11.21.11_AM.png,
CellImage,Gunner Trapper,3009830,Zeo'Xe,https://ibb.co/album/kVhZAa,1777593,Jackson,https://imgur.com/gallery/VTWObu6,7271725,Crown the √ñ.,https://imgur.com/a/PsBbWxk,6270372,ExC,https://imgur.com/a/H8o8Ruu,3755319,ŒπŒ±,https://imgur.com/gallery/4JxT1Kr,3072620,[MG] Spin2Team,https://imgur.com/a/NVfXsMR,2309677,üéã,https://imgur.com/a/qkoQqZS,7625281,hi,https://imgur.com/a/sdvpKpl,3970103,Ice Cream Samich,https://imgur.com/a/dGDxvhS,2000246,Mine,https://imgur.com/a/Ap9WZwA,
CellImage,Hexa Trapper,3174200,4m,https://imgur.com/gallery/BEwU0NC,2500404,4m,https://imgur.com/gallery/yRgjDkh,3559943,evil isopod,https://imgur.com/a/AShJDV8,1981782,AstRatJP,https://imgur.com/a/4vViHoX,2114521,Corrupt Y,https://imgur.com/a/sWeiWiK,1113557,BHü•ïBunny Hop!,https://imgur.com/a/23xUlAD,1134452,‚öî Existenceüåô,https://imgur.com/a/FdZkHQW,5055583,baking soda,https://imgur.com/gallery/rxMzWgu,2042918,‚ò† ü·¥Ä…¢ –º·¥Äs—Ç·¥á Ä‚ò†,https://imgur.com/a/OUYOMti,1256340,poui,https://imgur.com/3I9BqOa,
CellImage,Hewn Double,2177317,ü•ïCrazy Carrotü•ï,https://media.discordapp.net/attachments/790131315139543040/842772340420771910/screenshot_4.png?,3052229,Stardust,https://imgur.com/a/w2OD4i0,4106077,ŒπŒ±,https://imgur.com/gallery/wkOlPw1,3618307,Corrupt Y,https://imgur.com/a/8CCZgne,2184234,BHü•ïBunny Hop!,https://imgur.com/a/llzZN48,2087144,Orange Creamsicle,https://imgur.com/a/6ScOlXR,3116211,Mine,https://imgur.com/a/2lYCtyd,5315542,ejv,https://imgur.com/gallery/IegJwb7,2252924,Corrupt X,https://imgur.com/a/V3N8cEQ,1728871,peanut,https://imgur.com/a/kABtoEc,
CellImage,Hybrid,3974742,Thing,https://imgur.com/a/EZlE861,3984299,Silk,https://imgur.com/a/ufPNd8w,9421794,Smiley,https://imgur.com/a/YRsldB4,10115816,Thing,https://imgur.com/a/TXNseEF,6835983,Zeo'Xe,https://imgur.com/a/Q9hboTE,4463035,‚ù§Ô∏èüî•MaximusFireFightüî•‚ù§Ô∏è,https://imgur.com/gallery/Ilfu01y,5073405,Thing,https://imgur.com/a/XJy80bJ,4791380,Chaos,https://imgur.com/a/T2UZbhh,2986839,Sonic -_-,https://imgur.com/gallery/TbAVk1M ,2802576,WL9,https://imgur.com/gallery/JLMeZrs,
CellImage,Landmine,3058476,Awootube,https://imgur.com/a/hXa9Wk2,2390255,Silk,https://imgur.com/a/j2wAXNa,7447385,asd,https://imgur.com/gallery/F5FT8Dm,5948273,Legit Developer,https://imgur.com/a/P2Xepne,9617577,crong,https://imgur.com/a/SDRZ7MI,4918718,Mine,https://imgur.com/a/uGqxm8R,2901499,Darky,https://imgur.com/a/AOWpMyD,2991256,Mine,https://imgur.com/a/lz5TYal,1775718,Mine,https://imgur.com/a/O5Pp5Ck,1607868,you tried ‚òÜ,https://imgur.com/a/sF6MHok,
CellImage,Machine Gunner,2652859,ThunderFlame,https://www.dropbox.com/sh/1gb57q0chqgbsk5/AAAyPIL5tNWX5bTVIplo659xa?dl=0,1901929,Jackson,https://imgur.com/gallery/daZKY7u,4743388,bum,https://imgur.com/a/d8On9Nu,6123848,Askatasuna,https://imgur.com/a/RosVNII,3233449,Askatasuna,https://imgur.com/a/uxuPquz,2094386,Corrupt X,https://imgur.com/a/bPtfNEE,2261209,+5cott,https://imgur.com/gallery/t2AMvuZ,2576728,baking soda,https://imgur.com/gallery/4U6uJ1F,1651890,Harry,https://imgur.com/a/HQVY4mz,2487956,bean,https://imgur.com/a/7X7c3yv,
CellImage,Maleficitor,1239450,üéã,https://imgur.com/a/UBJ0CZE,1223614,BaLu,https://www.youtube.com/watch?v=wvDUxEltQSY,4135082,Quad,https://imgur.com/a/dI86nO5,4366294,Quad,https://imgur.com/a/KkFguHZ,2300853,‚ò† ü·¥Ä…¢ –º·¥Äs—Ç·¥á Ä‚ò†,https://imgur.com/a/Yg1HEt7,1558365,Askatasuna,https://imgur.com/a/KqRrOzH,2420473,jax,https://imgur.com/a/em8Y0vM,1952292,Awootube,https://imgur.com/a/RvtXztL,1510811,a letter a,https://cdn.discordapp.com/attachments/731494808475926531/861971910513918022/Untitled.png,1059801,Mine,https://imgur.com/a/mNXaUD1,
CellImage,Manager,1002953,‚ò† ü·¥Ä…¢ –º·¥Äs—Ç·¥á Ä‚ò†,https://imgur.com/a/Ubztmtw,995270,[LK],https://imgur.com/a/s4fCOFo,1272433,Septerion,https://imgur.com/a/OsIjGOs,3428001,zo,https://imgur.com/a/ZK7RcSH,,,,769035,Sei,https://imgur.com/DmDMweT,,,,1600310,edamame„Å®„ÅÑ„Åµ‰∫∫,https://imgur.com/a/CvN8kCE,,,,,,,
CellImage,Mega Smasher,3037317,Rog456,https://imgur.com/a/pyQtMSt,2216886,Darky,https://imgur.com/a/C2I0mHg,6116243,ŒπŒ±,https://imgur.com/gallery/XPAg66T,10555678,Mine,https://imgur.com/a/ovD4LLK,3643209,Mine,https://imgur.com/a/MLRPxcN,5323051,Mine,https://imgur.com/a/eGL3oVk,4093541,Mine,https://imgur.com/a/lvSr9Qn,2865117,Mine,https://imgur.com/a/PR0QCZG,2059420,Darky,https://imgur.com/a/tjRZbAk,,,,
CellImage,Mega-3,2691984,Awootube,https://imgur.com/a/Z5ejzHs,1892539,Giggity,https://imgur.com/a/NXhNal5,1761303,Awootube,https://imgur.com/a/1x9nEAS,2269756,Giggity,https://imgur.com/a/H7eZQsN,1835231,Awootube,https://imgur.com/a/l4fNvQB,1909374,Corrupt X,https://www.youtube.com/watch?v=K52K3OsZ5AA,1017476,SunIdea,https://imgur.com/a/eiGRvu7,2476714,NIGHTGER,https://imgur.com/gallery/r6ueEFe,3107453,Awootube,https://imgur.com/a/kVU0qVa,1145372,Giggity,https://imgur.com/a/jPSXrhM,
CellImage,Mortar,5137326,Tommy,https://imgur.com/a/OUCW68Z,2542423,ŒπŒ±,https://imgur.com/gallery/OQcwHx9,3271077,ŒπŒ±,https://imgur.com/gallery/4doXfMS,7059952,Mine,https://imgur.com/a/K4TUup2,2387388,Anto,https://imgur.com/a/s3KNK2e,2590884,[LK],https://imgur.com/a/tceu7FP,2003533,Eskimo,https://imgur.com/a/SZZawEe,5231535,Otobus,https://imgur.com/a/mZ654Tc,3562162,‚ö°ùïØùñóùñÜùñåùñîùñì‚ö°INDONESIA,https://imgur.com/a/Exr6MrZ,2589533,loaf,https://imgur.com/a/0TzZlNz,
CellImage,Musket,3040373,Zeo'Xe,https://imgur.com/a/6PAoZuJ,1597217,rela üê£,https://imgur.com/gallery/TmasSL6,3762909,Awootube,https://imgur.com/a/CwXFg9L,5628469,Corrupt Y,https://imgur.com/a/7DFCVE7,3491905,Damocles,https://imgur.com/a/HasoFS4,2280883,Corrupt X,https://www.youtube.com/watch?v=Uaqk8SNvb1Y,2332626,Quad,https://imgur.com/a/O940SuK,3072083,a letter a,https://www.reddit.com/r/Diep2io/comments/pajavo/3m_musket_wr/?utm_source=share&utm_medium=web2x&context=3,3006398,Absol,https://dl.airtable.com/Zz4ABn0iT42jWOvmfBV7_unknown.png,1575857,Awootube,https://www.reddit.com/r/Diep2io/comments/kda1sr/almost_my_2nd_double_million_w_ejv_my_dad_said_he/,
CellImage,Nailgun,2254623,<‚ùÇ> ‚Ç≠«ør…áa,https://imgur.com/gallery/y4RvQQx,1727216,Stardust,https://imgur.com/gallery/9aFysF1,3530000,ejv,https://imgur.com/a/RzNJQWk,5020880,O'Chunks,https://imgur.com/gallery/c12rYqY,2609313,ExC,https://media.discordapp.net/attachments/707689521994792984/807386036447346698/unknown.png,2413321,8,https://imgur.com/a/Xj1iuWC,1949737,CX has cute feet,https://imgur.com/a/abRlFM9,2949952,baking soda,https://i.imgur.com/wssm6kQ.png,2083732,O'Chunks,https://imgur.com/gallery/SrxyVc9,2072708,Mine,https://imgur.com/a/CdDUH9f,
CellImage,Necromancer,2007956,Thing,https://imgur.com/a/F7QJeZ7,1596934,Silk,https://imgur.com/a/8ePM8tt,7095055,Roman,https://imgur.com/a/VtN2eUH,6757462,Roman,https://imgur.com/a/4l7WZ5a,4388717,BaLu,https://youtu.be/Xi_MA7tBIg4,2044176,Giggity,https://imgur.com/a/YH4tgsT,1808080,‚ò† ü·¥Ä…¢ –º·¥Äs—Ç·¥á Ä‚ò†,https://imgur.com/a/kiHmJkB,1400519,a letter a,https://cdn.discordapp.com/attachments/731494808475926531/860085720202477568/screenshot_-_2021-07-01T160705.647.png,2207191,TacoCat,https://imgur.com/a/6f0sSHG,2003963,BaLu,https://youtu.be/iyYetyOWWAc,
CellImage,Octo Tank,5333629,Zeo'Xe,https://imgur.com/a/aFpSMbR,2086616,Quad,https://imgur.com/a/wMg6VfA,4627755,ü•ïCrazy Carrotü•ï,https://imgur.com/a/y7hxsuo,6088555,<‚ùÇ> ‚Ç≠«ør…áa,https://imgur.com/gallery/pMSq9sW,2323943,uhhh ._.,https://imgur.com/a/xufyPaw,1583366,Server Dominated,https://imgur.com/a/8MJGswm,2183917,From Asia,https://imgur.com/gallery/MPZquLE,3217861,ErrorAce.,https://imgur.com/a/Kniq1am,4164749,Ice Cream Samich,https://imgur.com/a/LsSduOW,2599004,Mine,https://imgur.com/a/haQYae6,
CellImage,Ordnance,2705416,Thing,https://imgur.com/a/30p9bjJ,1483984,Heatherly,https://imgur.com/a/TNOIZuU,1755387,me(duh),https://imgur.com/a/JDsno17,3189277,bum,https://imgur.com/a/HHLmNsf,2203122,Corrupt X,https://www.youtube.com/watch?v=Uaqk8SNvb1Y,1754199,Septerion,https://imgur.com/gallery/yT3dZrO,1479501,Micckey üòé,https://imgur.com/gallery/T0dQEC7,3810322,baking soda,https://imgur.com/gallery/M3Jn6D0,2971601,pool noodle,https://imgur.com/a/5mlQnkx,2296579,Micckey üòé,https://imgur.com/gallery/Z4shv8a,
CellImage,Overdrive,,,,784750,SunIdea,https://imgur.com/a/WiM5lY9,759898,bean_‚Ñ¢,https://imgur.com/a/osDLAKM,1082528,Plague,https://imgur.com/a/mlXS2yc,,,,,,,,,,513046,Cambam826YT,https://imgur.com/a/ZQEqSR5,,,,,,,
CellImage,Overgunner,3287205,evil isopod,https://imgur.com/a/3wyNh8Y,1508133,Orange,https://imgur.com/gallery/g9cJKrN,10191662,Corrupt X,https://ibb.co/album/S4pcLJ,3798773,Septerion,https://imgur.com/gallery/clppXlX,2316062,4m,https://imgur.com/a/metS8EQ,2922688,a letter a,https://imgur.com/a/zSzCHr5,2297420,Septerion,https://imgur.com/gallery/PH5yyd6,7284898,baking soda,https://imgur.com/gallery/WDscmrk,2552607,evil isopod,https://imgur.com/a/2yRc1mG,1695417,SunIdea,https://imgur.com/a/iArDxsl,
CellImage,Overlord,,,,1304512,Stardust,https://imgur.com/a/Csf6Kak,2425476,hi,https://imgur.com/a/SP97nQB,5565542,hi,https://imgur.com/a/AQOle8x,779770,fe,https://imgur.com/a/8j73RmH,1162735,[LK],https://imgur.com/a/oqdmryP,,,,1204150,our kill,https://imgur.com/a/2ozVVsZ,711799,Jackson,https://imgur.com/gallery/toLiEZM,,,,
CellImage,Overtrapper,5142391,4m,https://imgur.com/gallery/Hzwgl1T,1761959,Smiley,https://imgur.com/a/7n7OcD4,3305290,zo,https://imgur.com/a/4416g40,2578615,‚ôï,https://imgur.com/a/rcpXyao,3315981,4m,https://imgur.com/gallery/Ny3UaAI,1578353,[MG] Spin2Team,https://imgur.com/a/cprBbAH,1514080,[MG] Spin2Team,https://imgur.com/a/wrHjBWm,3179312,[LK],https://imgur.com/a/P52hHpm,2644701,YT-TY,https://imgur.com/a/8jawQmp,1828009,SunIdea,https://imgur.com/a/1vXEmzo,
CellImage,Penta Shot,4449375,evil isopod,https://media.discordapp.net/attachments/666483842151874570/891377423000686592/screenshot_89.png,2882193,evil isopod,https://imgur.com/a/GmxBkOE,3509912,evil isopod,https://imgur.com/a/gmtXKyw,2680923,baking soda,https://imgur.com/W5oGspb,3092561,baking soda,https://imgur.com/gallery/NCwl5lQ,1765593,usaidwhat,https://imgur.com/gallery/lVUhWlc,2579629,ùïä√òœÖƒª,https://imgur.com/a/nDlscBX,3474538,Rog456,https://imgur.com/a/x9ZlO1S,2387792,fortune,https://imgur.com/a/69cc49i,1534401,you tried ‚òÜ,https://imgur.com/a/uIeS2j5,
CellImage,Poacher,2583614,4m,https://imgur.com/gallery/eDV5a1i,1476493,ùìíùìÆùìµùìÆùìºùìΩùì≤ùì™ùìµüåô,https://imgur.com/a/6I5wKvU,3067147,fortune,https://imgur.com/a/jCEimbT,3125121,PQD[VN](DVN),https://imgur.com/a/hB4Ojtu,3386549,Harry,https://imgur.com/a/Vwv5LPY,1922949,Mine,https://imgur.com/a/EGugTY3,1308498,‚öî Existenceüåô,https://imgur.com/a/UvFMQUT,4356803,baking soda,https://imgur.com/gallery/Awu12uK,2337719,PQD[VN](DVN),https://imgur.com/a/AV1uzmE,1780201,From Asia,https://imgur.com/gallery/0zNxKB0,
CellImage,Predator,3800368,Legenda,https://imgur.com/a/tMrJous,2418353,4m,https://imgur.com/gallery/MqW7F2q,6141595,baking soda,https://imgur.com/gallery/yeJEIvl,8253075,bum,https://imgur.com/a/DefXlhW,6031607,Askatasuna,https://imgur.com/a/dZPTWjc,2403110,Helaas Pindakaas,https://imgur.com/a/cB8z0OP,2031155,From Asia,https://imgur.com/gallery/OYoNv1F,5031778,evil isopod,https://imgur.com/a/zABngJ1,2241510,Legenda,https://imgur.com/a/HVCiAOu,2206640,Raptor,https://imgur.com/a/TMZFaXk, 
CellImage,Ranger,2453408,Thing,https://imgur.com/a/rAhEqE3,1105530,PQD[VN](DVN),https://imgur.com/a/N30Qy8w,9391559,baking soda,https://imgur.com/gallery/lscIDmJ,4550986,Someone,https://imgur.com/a/RDOAL2G,2003837,BlueGruffer,https://imgur.com/a/lVxHrr9,1628999,CrimsonAsItIs,https://imgur.com/gallery/X88EUP6,1334976,üéã,https://media.discordapp.net/attachments/395646588682240020/879478417601495070/screenshot_-_2021-08-23T163313.450.png,2135957,baking soda,https://imgur.com/gallery/EEVZtYM,5006808,Quad,https://imgur.com/a/mvoTIvj,1995646,Mine,https://imgur.com/a/O3PXiww,
CellImage,Septa Trapper,1599817,4m,https://imgur.com/gallery/ndyuPSY,1666938,CX has cute feet,https://imgur.com/a/xbuFKu1,3024909,TacoCat,https://imgur.com/a/UF5ZaJi,3463352,Quad,https://imgur.com/a/z0nHC9c,1250140,mr haker yt,https://imgur.com/a/uzo9N2l,1006245,CX has cute feet,https://imgur.com/a/TWfZCfo,1033302,CX has cute feet,https://imgur.com/a/F5dC9yV,2027422,Thing,https://imgur.com/a/tw1DphJ,2935795,baking soda,https://imgur.com/gallery/3VK9eBC,1242134,CX has cute feet,https://imgur.com/a/dstD9Ul,
CellImage,Shotgun,5266848,Zeo'Xe,https://imgur.com/a/MgRXM1w,2223916,Anak,https://imgur.com/a/CdfCL4Z,3471211,Corrupt X,https://www.youtube.com/watch?v=XiI6j1oWF24,3052614,YT-TY,https://imgur.com/a/BTun4Uo,2365591,Jake,https://imgur.com/gallery/BwEobar,2298119,For Kenza üåπ,https://imgur.com/a/6U0dOOK,3303345,YT-TY,https://imgur.com/a/sOAVgEx,3193151,evil isopod,https://imgur.com/a/EkVtYaW,2275295,iiceheart,https://imgur.com/a/OtJZ1C8,1531658,ùïä√òœÖƒª,https://imgur.com/a/aOyCnSs,
CellImage,Sidewinder,1581239,Damocles,http://imgur.com/a/ihl7ArR,1245273,Mine,https://imgur.com/a/zG14Lk5,4026786,Smiley,https://imgur.com/a/bD8RAAT,2005335,huy vn :D,https://imgur.com/a/lb3uUST,2032143,Chat Noir,https://imgur.com/a/zfwg28d,2258478,Die?,https://imgur.com/a/n30OprJ,1298937,$kulllord,https://imgur.com/gallery/tKal0yN,2872318,Mine,https://imgur.com/a/czU96HT,1352115,you tried ‚òÜ,https://imgur.com/a/QgVnSWm,1298820,you tried ‚òÜ,https://imgur.com/a/74cZlqz,
CellImage,Single,4311788,HZ6,https://imgur.com/a/xSADz8F,3980236,Quad,https://imgur.com/a/jZrgrNC,4017233,bum,https://imgur.com/a/q4qwcwa,5449715,pedal,https://imgur.com/a/4Tf07e3,6261561,Zeo'Xe,https://imgur.com/a/m60MiVi,2127377,peebis,https://imgur.com/a/UcLxE68,2872840,jah,https://imgur.com/a/2XVTqai,4381167,evil isopod,https://imgur.com/a/3FwdsTA,2982306,ASkib,https://imgur.com/a/cZgH7lI,2171664,Mine,https://imgur.com/a/WX8L07J,
CellImage,Skimmer,3742414,S3CR3T,https://imgur.com/a/YCTWEGu,1334675,a seal!,https://imgur.com/a/RM7kdDG,3013842,bean,https://imgur.com/a/17XdGkk,5250579,Zeo'Xe,https://imgur.com/a/42aQCaz,3697761,Crown the √ñ.,https://imgur.com/a/lck4NkR,1149574,Cybertrap,https://cdn.discordapp.com/attachments/395646588682240020/735865876192165898/Untitled.png,761078,ü¶ÜGot Any Grapes?ü¶Ü,https://cdn.discordapp.com/attachments/395646588682240020/702073079483990031/screenshot.png,3071332,Kei üáØüáµ,http://imgur.com/gallery/HwjFiDU,3094365,Oganesson 118,https://dl.airtable.com/9jBVp2mkTmOIUXVz36H0_unknown.png,1073919,üå®Ô∏è DeepFreeze ‚ùÑÔ∏è,https://imgur.com/a/vlqZyQa,
CellImage,Spike,6052919,Rog456,https://imgur.com/a/FTIVvxa,2914564,Mine,https://imgur.com/a/ecgxyyF,7526608,Smiley,https://imgur.com/a/VnYtt5S,7060288,bum,https://imgur.com/a/SUzNNYd,4768539,Jake,https://imgur.com/a/fduNjsG,3003201,Mine,https://imgur.com/a/gzNYHMl,4190353,Mine,https://imgur.com/a/OEPMuwW,3551366,Mine,https://imgur.com/a/4ZHUaEZ,2087167,Sky X,https://imgur.com/a/lGXtmt9,2403266,Mine,https://imgur.com/a/3VVWW6U,
CellImage,Sprayer,3498064,Zeo'Xe,https://imgur.com/a/5yybaSN,3074057,Chaos,https://imgur.com/a/gfPau3X,4216744,evil isopod,https://imgur.com/a/mhFlBUP,3242605,Stardust,https://imgur.com/a/Ndlpx4l,2063341,For Kenza üåπ,https://imgur.com/a/VQFLaBa,1652972,Ray,https://imgur.com/a/i9bqEsg,1932123,ùêî,https://imgur.com/a/mpY2FVm,4646009,Ray,https://imgur.com/a/vMcPtSn,2893944,Ray,https://imgur.com/a/ihmoDqC,3252800,Mine,https://imgur.com/a/z03M6X3,
CellImage,Spreadshot,5160051,x,https://imgur.com/a/pQ1EhWp,2600000,baking soda,https://imgur.com/gallery/k4HA2Gv,3134088,üå∑|retnuH,https://imgur.com/gallery/7D6hTjP,4165955,Harry,https://imgur.com/a/GE3WFcJ,2635406,Harry,https://imgur.com/a/pcdEXBc,1731286,Stardust,https://imgur.com/gallery/9HZk1fr,3481473,Harry,https://imgur.com/a/WlB4zGt,5048016,ŒπŒ±,https://imgur.com/gallery/ZmQqfny,3104721,baking soda,https://imgur.com/gallery/J2GAqt5,1705266,rela üê£,https://imgur.com/gallery/Wq9DP0S,
CellImage,Stalker,1463985,4m,https://media.discordapp.net/attachments/395646588682240020/685514951925825552/unknown.png?,1378091,Shedinja,https://imgur.com/a/xWJ61t9,4790975,evil isopod,https://imgur.com/a/jxILcAU,8140358,Para,https://imgur.com/gallery/AG5tGNV,1501287,[üçû]little one <3üç´üç¶üçë,https://imgur.com/a/WqFlZxy,1703376,MEGACHEESE,https://imgur.com/a/K8jNSW8,1198845,Damocles,https://cdn.discordapp.com/attachments/395646588682240020/701151931401371878/screenshot_-_2020-04-18T142527.171.png,2795823,NIGHTGER,https://imgur.com/a/bhZ6ALu,1678842,ü•ïCrazy Carrotü•ï,https://imgur.com/a/XtgTF0u,1412118,Mine,https://imgur.com/a/FLN92Lz,
CellImage,Streamliner,5003255,baking soda,https://imgur.com/gallery/X0YlPzo,3182917,Mine,https://imgur.com/a/esg5eGN,10023367,Thing,https://imgur.com/a/c8e7R3d,11912075,hi,https://imgur.com/a/Dvb3Txy,6005872,Mine,https://imgur.com/a/L75mZfX,5802534,Hellitica,https://imgur.com/a/Eqptz9w,11720549,baking soda,https://imgur.com/gallery/rHKhSJg,7509968,baking soda,https://imgur.com/gallery/hunLjTC,5149655,baking soda,https://imgur.com/gallery/PaARKqT,6836778,Mine,https://imgur.com/a/roNCtVR,
CellImage,Surfer,5144449,Quad,https://www.youtube.com/watch?v=KslP0ot4Hvs,3228605,Darky,https://imgur.com/a/EjVkTGX,3452434,Trestoc,https://imgur.com/a/9Vx3vX2,4012000,pedal,https://cdn.discordapp.com/attachments/395646588682240020/559443638472671243/unknown.png,1562510,Mine,https://imgur.com/a/GNo5Epo,2838771,CrimsonAsItIs,https://imgur.com/gallery/duPoGIa,2252464,Darky,https://imgur.com/a/u20JneT,2172492,lou,https://imgur.com/a/tWRcTF0,2874518,1,https://imgur.com/953GLSO,1352320,Mine,https://imgur.com/a/8vG1LVU,
CellImage,Swarmer,3193808,Thing,https://imgur.com/a/1BoCD2Z,2078154,Mine,https://imgur.com/a/B7FWNIW,5297132,baking soda,https://imgur.com/gallery/LqmZclh,3703750,Quad,https://imgur.com/a/NCxm2yE,2964529,gator-ade,https://imgur.com/a/0u5GV6E,2321750,Mine,https://imgur.com/a/fdA3Ia6,1584242,Mine,https://imgur.com/a/1pH41aA,2672398,NOT|megaball[VN,https://imgur.com/a/obpJmgA,5595848,evil isopod,https://imgur.com/a/hbosxz1,2411257,Mine,https://imgur.com/a/zSo4a1Z,
CellImage,Triple Twin,4746854,Mr. Cheese,https://imgur.com/a/CVCXPB0,3058197,male,https://imgur.com/gallery/Zop6AXb,4731068,bum,https://imgur.com/a/le5bNGf,3362398,xd,https://imgur.com/a/7lLfUBR,3913231,chewy pies,https://imgur.com/a/FcMZw07,1879421,Chaos,https://imgur.com/a/aQPPpDq,1463216,DinhTung,https://imgur.com/gallery/CoqtOjB,5091589,Para,https://imgur.com/gallery/69HEoCD,3711845,baking soda,https://imgur.com/gallery/nUW3w6O,1377851,<‚ùÇ> ‚Ç≠«ør…áa,https://cdn.discordapp.com/attachments/395646588682240020/709052692693254214/screenshot_88.png,
CellImage,Triplet,6008179,hi,https://imgur.com/a/29xgu28,5036732,Quad,https://imgur.com/a/VJIQ84b,7461189,Roman,https://imgur.com/a/Fd94BBt,5983746,lamita,https://imgur.com/gallery/GNUFWj3,4534695,Zeo'Xe,https://imgur.com/a/0YXNveF,1747994,Ray,https://imgur.com/a/7rTOHNk,2339960,+5cott,https://imgur.com/a/RrToXa3,5764475,Roman,https://imgur.com/a/bvpYU47,2684611,Denied,https://youtu.be/JLOfm3rZKuw,3153032,fortune,https://imgur.com/a/yTahAQP,
CellImage,Twister,1842889,Soul,https://imgur.com/gallery/Cdd9sWo,1371429,üå∑|retnuH,https://imgur.com/gallery/OOZsYHU,3505905,evil isopod,https://imgur.com/gallery/sIGDNbo,2604663,huy vn :D,https://imgur.com/a/wvQGrPH,3551329,bum,https://imgur.com/a/h2bQnMq,1093022,lotion,https://imgur.com/a/3R2xV3B,1235570,edamame„Å®„ÅÑ„Åµ‰∫∫,https://imgur.com/a/zrEeXQB,1752233,Glass Heart,https://imgur.com/gallery/WNM63PB,1706930,Eternity,https://imgur.com/a/6A8M9Ph,1067847,SunIdea,https://imgur.com/a/odO3cGF,