 ,Players with the Highest 
Combined World Record Scores,,,,Players With the Most Records ,,,,Tanks with the Highest
 Combined Record Scores,,,,Players with the Highest World Record 
Ratios (Must have 5 or more Records),,,,Players with the Most Scores on HAS+LAS,,,,Most Common Tanks on the HAS,,,,Players with the Highest 
Combined Event Record Scores,,,,Players With the Most Event Records ,,,,Tanks with the Highest
 Combined Event Record Scores,,,,Players with the Highest Event World Record 
Ratios (Must have 5 or more Records),,,,Players with the Most Scores on EAS,,,,Players with the Highest 
Combined Incog Record Scores,,,,Players With the Most Incog Records ,,,,Tanks with the Highest
 Combined Incog Record Scores,,,,Players with the Highest Incog World Record 
Ratios (Must have 5 or more Records),,,,Players with the Most Scores on IAS,,,,Players with the most times on Time Trials ,,
,,,,,,,,,,,,,,,,,,,,,,,,,,,,,,,,,,,,,,,,,,,,,,,,,,,,,,,,,,,,,,,,,,,
,,,,,,,,,,,,,,,,,,,,,,,,,,,,,,,,,,,,,,,,,,,,,,,,,,,,,,,,,,,,,,,,,,,
,Rank,Player,Combined Score,,Rank,Player,# of records,,Rank,Tank,Combined
Score,,Rank,Player,Ratio,,Rank,Player,# of Scores,,Rank,Tank,# of Scores,,Rank,Player,Combined Score,,Rank,Player,# of records,,Rank,Tank,Combined
Score,,Rank,Player,Ratio,,Rank,Player,# of Scores,,Rank,Player,Combined Score,,Rank,Player,# of records,,Rank,Tank,Combined
Score,,Rank,Player,Ratio,,Rank,Player,# of Scores,,Rank,Player,# of times

,,,,,,,,,,,,,,,,,,,,,,,,,,,,,,,,,,,,,,,,,,,,,,,,,,,,,,,,,,,,,,,,,,,
,1,baking soda,214881119,,1,Mine,60,,1,Auto Overseer,98194558,,1,hi (8 WR),10755216.75,,1,evil isopod,214,,1,Overlord,430,,1,Jackson,198263826,,1,Jackson,82,,1,Overlord,26179951,,1,ùêî (28 WR),3130633.6071428573,,1,ùêî,70,,1,Neptuun,91134619,,1,Nya~,40,,1,Engineer,24512713,,1,Jackson (20 WR),3624518.3,,1,Neptuun,25,,1,4m,9
,2,evil isopod,198075061,,2,baking soda,45,,2,Overlord,74330641,,2,Roman (9 WR),7528340.888888889,,2,Quad,192,,2,Annihilator,220,,2,ùêî,87657741,,2,ùêî,28,,2,Factory,19181631,,2,Zeo'Xe (7 WR),2946713.714285714,,2,Jackson,60,,2,Nya~,76316772,,2,Neptuun,37,,2,Auto Assassin,20623109,,2,baking soda (5 WR),3367653,,2,Jackson,22,,2,Quad,8
,3,Mine,188446604,,3,evil isopod,42,,3,Streamliner,73384276,,3,Para (6 WR),7230796.5,,3,baking soda,189,,3,Manager,213,,3,O'Chunks,44799333,,3,O'Chunks,18,,3,Auto Spawner,17680975,,3,O'Chunks (18 WR),2488851.8333333335,,3,ü•ïCrazy Carrotü•ï,25,,3,Jackson,72490366,,3,golden,28,,3,Spawner,19404653,,3,Neptuun (37 WR),2463097.810810811,,3,Nya~,20,,3,rela üê£,7
,4,Quad,139402740,,4,Quad,34,,4,Hybrid,58289563,,4,pedal (5 WR),5955750.4,,4,Mine,136,,4,Auto Overseer,157,,4,Nguyen,33455673,,4,buff barricade,17,,4,Spawner,17143270,,4,Jackson (82 WR),2417851.536585366,,4,O'Chunks,18,,4,YT=GLITCHER TM,54558689,,4,YT=GLITCHER TM,26,,4,Auto Overseer,18793029,,4,WL9 (6 WR),2262365.8333333335,,4,Thx m8,15,,4,evil isopod,5
,5,Smiley,113638613,,5,Smiley,25,,5,Manager,56198339,,5,Nyrox (10 WR),5815457.7,,5,Thing,131,,5,Smasher,134,,5,Thing,25049640,,5,[MG] Spin2Team,14,,5,Auto Gunner,16450153,,5,Nguyen (14 WR),2389690.9285714286,,5,WL9,16,,5,golden,33459827,,5,Jackson,20,,5,Overlord,15524508,,5,ay96 (7 WR),2119798.8571428573,,5,YT=GLITCHER TM,14,,5,ŒπŒ±,2
,6,Zeo'Xe,108664176,,5,Zeo'Xe,25,,6,Overseer,55624549,,6,Mr.Hacker YT (9 WR),5735952.111111111,,6,Nyrox,127,,6,Hybrid,130,,6,DevŒ±,24719153,,5,you tried ‚òÜ,14,,6,Nailgun,14832513,,6,Thing (12 WR),2087470,,6,Thing,15,,6,geometrically dominated,20621158,,6,geometrically dominated,18,,6,Mega-3,14731525,,6,YT=GLITCHER TM (26 WR),2098411.1153846155,,6,Quad,11,,5,ü•ïCrazy Carrotü•ï,2
,7,ŒπŒ±,89558611,,7,Corrupt Y,20,,7,Predator,53405108,,7,Crown the √ñ. (15 WR),5459572.666666667,,7,Stradpult,125,,7,Overseer,112,,7,Zeo'Xe,20626996,,5,DevŒ±,14,,7,Manager,14531184,,7,poui (6 WR),1977906.8333333333,,7,69,13,,7,baking soda,16838265,,7,Nothingness,11,,7,Annihilator,14709493,,7,Nya~ (40 WR),1907919.3,,7,WL9,8,,5,OnyxD,2
,8,ExC,87644502,,8,ExC,19,,8,Overtrapper,52511053,,8,Thing (16 WR),4790185.375,,8,ExC,117,,8,Streamliner,103,,8,69,19311201,,5,Nguyen,14,,8,Machine Gunner,14200752,,8,Typexleta (6 WR),1958608,,8,Awootube,12,,8,Nothingness,16675526,,8,ay96,7,,8,Auto Double,14375974,,8,Oue (6 WR),1688065.8333333333,,8,ay96,6,,5,Thing,2
,9,hi,86041734,,8,ŒπŒ±,19,,9,Annihilator,52410623,,9,baking soda (45 WR),4775135.977777778,,9,Zeo'Xe,112,,9,Spike,102,,9,[LK],17782279,,9,Thing,12,,9,Destroyer,13797883,,9,Mine (5 WR),1895963.6,,9,Zeo'Xe,11,,9,ay96,14838592,,9,WL9,6,,9,Spreadshot,13855815,,9,Nothingness (11 WR),1515956.9090909092,,9,Zeo'Xe,5,,5,ascending,2
,10,Crown the √ñ.,81893590,,10,4m,18,,10,Gunner Trapper,52210311,,10,evil isopod (42 WR),4716072.880952381,,10,4m,111,,10,Auto Double,100,,10,Cipher,17618211,,9,geometrically dominated,12,,10,Overdrive,13724140,,10,DevŒ± (14 WR),1765653.7857142857,,10,Micckey üòé,9,,10,WL9,13574195,,9,Oue,6,,10,Machine Gunner,13850784,,10,golden (28 WR),1194993.8214285714,,9,baking soda,5,,10,Ender,1
,11,Thing,76642966,,10,2not1üåπ,18,,11,Auto Assassin,51766422,,11,ŒπŒ± (19 WR),4713611.105263158,,11,Thx m8,109,,11,Overdrive,96,,11,ü•ïCrazy Carrotü•ï,16768731,,9,[LK],12,,11,Annihilator,12961362,,11,69 (11 WR),1755563.7272727273,,10,Mine,9,,11,Maku,12877904,,11,baking soda,5,,11,Penta Shot,12466090,,11,geometrically dominated (18 WR),1145619.888888889,,11,Awootube,3,,10,Nyrox,1
,12,Corrupt Y,69998754,,12,Thing,16,,12,Overdrive,50342716,,12,Mr.Chemistry (6 WR),4614423.333333333,,12,ü•ïCrazy Carrotü•ï,103,,12,Triplet,85,,12,buff barricade,13920370,,12,69,11,,12,Overseer,12234296,,12,Anto (5 WR),1645550.8,,10,ThunderFlame,9,,12,Quad,11340508,,12,RAJA,4,,12,Falcon,10892613,,,,,,11,Corrupt Y,3,,10,Askatasuna,1
,13,rela üê£,69212487,,13,Crown the √ñ.,15,,13,Bent Double,49509945,,13,rela üê£ (15 WR),4614165.8,,13,rela üê£,101,,13,Auto-Assassin,83,,13,[MG] Spin2Team,13578091,,12,Cipher,11,,13,Predator,12230754,,13,jah (5 WR),1613817.4,,13,ŒπŒ±,6,,13,Oue,10128395,,12,Yusuf 100,4,,13,Auto Builder,10592264,,,,,,11,Nothingness,3,,10,From Asia,1
,14,Roman,67755068,,13,rela üê£,15,,14,Smasher,49133099,,14,ExC (19 WR),4612868.52631579,,14,Smiley,88,,14,Destroyer,82,,14,you tried ‚òÜ,13308924,,12,ü•ïCrazy Carrotü•ï,11,,14,Triplet,11877586,,14,Cipher (11 WR),1601655.5454545454,,14,Askatasuna,5,,14,Thx m8,9806132,,12,lTorenn,4,,14,Streamliner,10574232,,,,,,11,Peach Lover,3,,10,Cannonman,1
,15,Nyrox,58154577,,13,<‚ùÇ> ‚Ç≠«ør…áa,15,,15,Destroyer,48019143,,15,Marcus (9 WR),4566480.222222222,,15,pedal,87,,15,Landmine,79,,15,poui,11867441,,15,Nothingness,8,,15,Auto Assassin,11435794,,15,ü•ïCrazy Carrotü•ï (11 WR),1524430.0909090908,,14,From Asia,5,,15,Zeo'Xe,9487972,,12,Nguyen,4,,15,Auto Spawner,10533836,,,,,,11,golden,3,,10,Thx m8,1
,16,Rog456,57413621,,13,Silk,15,,16,Triplet,46339862,,16,Smiley (25 WR),4545544.52,,16,Askatasuna,83,,15,Octo Tank,79,,16,Typexleta,11751648,,15,crong,8,,16,Engineer,11399109,,16,CX has cute feet (5 WR),1518926.8,,14,[LK],5,,16,Yusuf 100,9052840,,16,Reckless,3,,16,Manager,10519005,,,,,,16,Hertz,2,,10,üéã,1
,17,4m,55403909,,13,Rog456,15,,17,Overgunner,45833394,,17,Ender (7 WR),4509206.285714285,,17,hi,82,,17,Booster,76,,17,Nothingness,11047465,,17,Armin Play YT,7,,17,Auto Double,11293447,,17,[LK] (12 WR),1481856.5833333333,,14,geometrically dominated,5,,17,Nguyen,8647909,,16,Thx m8,3,,17,Landmine,10501308,,,,,,16,Maku,2,,10,DinhTung,1
,18,bum,53680476,,13,Corrupt X,15,,18,Flank Guard,45745051,,18,bum (12 WR),4473373,,18,ŒπŒ±,77,,18,Bent Double,68,,18,WL9,10713756,,17,Zeo'Xe,7,,18,Carrier,10655701,,18,Nothingness (8 WR),1380933.125,,18,Anto,4,,18,Para,6247002,,16,Gizmic,3,,18,Auto Gunner,10401837,,,,,,16,Nguyen,2,,10,ExC,1
,19,Mr.Hacker YT,51623569,,19,Chaos,14,,19,Auto Double,44400445,,19,Zeo'Xe (25 WR),4346567.04,,19,Awootube,75,,19,Auto Gunner,63,,19,crong,9727572,,19,Typexleta,6,,19,Streamliner,10558102,,19,Candy! (5 WR),1218478,,18,DevŒ±,4,,19,Hertz,5903504,,16,Quad,3,,19,Fighter,10348432,,,,,,16,ThunderFlame,2,,10,nata,1
,20,<‚ùÇ> ‚Ç≠«ør…áa,49008458,,19,Askatasuna,14,,20,Spike,43927882,,20,Quad (34 WR),4100080.588235294,,20,Corrupt Y,72,,20,Auto Smasher,62,,20,Mine,9479818,,19,poui,6,,20,Hybrid,10486287,,20,crong (8 WR),1215946.5,,18,Nguyen,4,,20,Corrupt Y,5698915,,20,fe,2,,20,Artillery,9588428,,,,,,16,Yusuf 100,2,,10,üå∑|retnuH,1
,21,Corrupt X,48074867,,19,ThunderFlame,14,,21,Landmine,43890387,,21,Allan (9 WR),4089536.6666666665,,21,WL9,71,,20,Sniper,62,,21,geometrically dominated,9412244,,21,Candy!,5,,21,Battleship,10414975,,21,lotion (5 WR),1004626.2,,18,edamame„Å®„ÅÑ„Åµ‰∫∫,4,,21,lTorenn,5686530,,20,Corrupt Y,2,,21,Triplet,9489630,,,,,,21,2not1üåπ,1,,10,[MG] Spin2Team,1
,22,Chaos,45104094,,22,[LK],13,,22,Mega Smasher,42549290,,22,ü•ïCrazy Carrotü•ï (7 WR),4013865.714285714,,22,<‚ùÇ> ‚Ç≠«ør…áa,70,,22,Necromancer,60,,22,Crown the √ñ.,9110388,,21,lotion,5,,22,Auto-5,10384409,,22,[MG] Spin2Team (14 WR),969863.6428571428,,18,poui,4,,22,evil isopod,5584575,,20,ü•ïCrazy Carrotü•ï,2,,22,Overtrapper,9035575,,,,,,21,Andycito123,1,,10,Awootube,1
,23,Askatasuna,44770769,,22,Awootube,13,,23,Auto Smasher,42217607,,23,Anto (8 WR),3923844.375,,23,jax,68,,23,Fighter,57,,23,Sei,8465948,,21,Anto,5,,23,Auto Cruiser,9984613,,23,you tried ‚òÜ (14 WR),950637.4285714285,,23,10,3,,23,Silvius,5510788,,20,StormX,2,,23,Crossbow,8958380,,,,,,21,Askatasuna,1,,10,Sashazzz,1
,24,Awootube,43960071,,24,üéã,12,,24,Commander,41941532,,24,Anak (5 WR),3888324.6,,24,Mr.Chemistry,63,,24,Bushwhacker,53,,24,Anto,8227754,,21,jah,5,,24,Octo Tank,9926809,,24,buff barricade (17 WR),818845.2941176471,,23,Cipher,3,,24,lifey,5353592,,20,Zeo'Xe,2,,24,Auto Cruiser,8943593,,,,,,21,DevinSucksAtLife,1,,10,2not1üåπ,1
,25,Para,43384779,,24,bum,12,,25,Auto Builder,41757140,,25,Rog456 (15 WR),3827574.7333333334,,25,Damocles,60,,25,Auto Tri-Angle,52,,25,jah,8069087,,21,Mine,5,,25,Auto Overseer,9879892,,25,geometrically dominated (12 WR),784353.6666666666,,23,Corrupt Y,3,,25,Marcus,4836360,,20,2not1üåπ,2,,25,Octo Tank,8800899,,,,,,21,ExC,1,,10,Roman,1
,26,Marcus,41098322,,26,jax,11,,26,Mortar,41381069,,26,Thx m8 (8 WR),3791043.125,,25,Denied,60,,25,Gunner Trapper,52,,26,Damocles,7791686,,21,CX has cute feet,5,,26,Crossbow,9829045,,26,Armin Play YT (7 WR),716367.1428571428,,23,Damocles,3,,26,Peach Lover,4693632,,20,Maku,2,,26,Maleficitor,8446325,,,,,,21,Gizmic,1,,10,Chaos,1
,27,[LK],36848004,,26,üå∑|retnuH,11,,27,Hexa Tank,41154034,,27,bean (6 WR),3703507,,25,Legenda,60,,27,Banshee,51,,27,CX has cute feet,7594634,,27,Otobus,4,,27,Conqueror,9678804,,,,,,23,Thx m8,3,,27,Askatasuna,4578102,,20,Peach Lover,2,,27,Auto-4,8387246,,,,,,21,HiYouHavePolio,1,,10,JellySnk,1
,28,Allan,36805830,,26,Damocles,11,,28,Auto Cruiser,41093215,,28,Denied (7 WR),3680086,,28,Stardust,59,,27,Falcon,51,,28,Micckey üòé,7116963,,27,Denied,4,,28,Shotgun,9622772,,,,,,23,e,3,,28,RAJA,4478115,,20,Hertz,2,,28,Bent Double,8286875,,,,,,21,Marcus,1,,10,bum,1
,29,2not1üåπ,36291744,,29,Jackson,10,,29,Artillery,40899953,,29,Stardust (9 WR),3580238.222222222,,29,From Asia,55,,29,Penta Shot,50,,29,Corrupt Y,6785064,,27,Damocles,4,,29,Gunner Trapper,9616674,,,,,,23,uhhh ._.,3,,29,Gizmic,4177035,,20,hailstorm ;),2,,29,Banshee,7805270,,,,,,21,Nite,1,,10,pedal,1
,30,Jugg,33613958,,29,Neptuun,10,,30,Bent Hybrid,40366259,,30,Corrupt Y (20 WR),3499937.7,,29,Marcus,55,,30,Hexa Tank,49,,30,Quad,6605857,,27,ùïä√òœÖƒª,4,,30,Single,9348906,,,,,,23,‚öî Existenceüåô,3,,30,DevinSucksAtLife,4062406,,20,truper,2,,30,Sniper,7616097,,,,,,21,Nyrox,1,,10,Sonder,1
,31,Stardust,32222144,,29,Nyrox,10,,31,Penta Shot,40334396,,31,132 (5 WR),3413347.6,,29,zo,55,,31,Predator,47,,31,Candy!,6092390,,27,WL9,4,,31,Sniper,9299877,,,,,,31,Catto,2,,31,2not1üåπ,3600848,,31,Andycito123,1,,31,Shotgun,7563326,,,,,,21,Oue,1,,,,
,32,Ender,31564444,,29,Jugg,10,,32,Battleship,40230629,,32,Awootube (13 WR),3381543.923076923,,32,ejv,52,,32,Auto Builder,46,,32,Armin Play YT ,6006439,,27,LeVitate,4,,32,Auto Tri-Angle,9072930,,,,,,31,CrimsonAsItIs,2,,32,Nite,3233314,,31,Alif (ÿ£ŸÑŸÅ)üå∑,1,,32,Mortar,7405001,,,,,,21,Para,1,,,,
,33,Anto,31390755,,33,Allan,9,,33,Armsman,39897101,,33,Jugg (10 WR),3361395.8,,33,Anto,51,,32,Basic,46,,33,Denied,5067658,,27,Sei,4,,33,Triple Shot,8998349,,,,,,31,Crown the √ñ.,2,,33,cute sus,2820895,,31,squid lotion,1,,33,Factory,7348286,,,,,,21,Silvius,1,,,,
,34,Thx m8,30328345,,33,Marcus,9,,34,Falcon,38796120,,34,8 (5 WR),3292908.8,,34,Tommy,50,,32,Commander,46,,34,lotion,5023131,,27,Quad,4,,34,Overtrapper,8927947,,,,,,31,ExC,2,,34,Reckless,2707272,,31,Clare,1,,34,Tri-Angle,6854552,,,,,,21,byekc,1,,,,
,35,pedal,29778752,,33,CX has cute feet,9,,35,Bulwark,38556169,,35,cute sus (5 WR),3272953.8,,35,‚ò† ü·¥Ä…¢ –º·¥Äs—Ç·¥á Ä‚ò†,49,,35,Auto Cruiser,45,,35,Armin Play YT,5014570,,27,Die?,4,,35,Gunner,8924121,,,,,,31,Phoenix,2,,35,ThunderFlame,2704981,,31,AstRatJP,1,,35,Battleship,6304205,,,,,,21,cute sus,1,,,,
,36,Silk,29156952,,33,Roman,9,,36,Single,38392015,,36,<‚ùÇ> ‚Ç≠«ør…áa (15 WR),3267230.533333333,,36,bum,48,,36,Crop Duster,43,,36,Road,4745627,,36,Ditine,3,,36,Machine Gun,8904531,,,,,,31,Quad,2,,36,fe,2644649,,31,incog darky,1,,36,Big Cheese,6084556,,,,,,21,evil isopod,1,,,,
,37,ThunderFlame,28932609,,33,Mr.Hacker YT,9,,37,Boomer,38311306,,37,Chaos (14 WR),3221721,,37,Rog456,47,,36,Mega Smasher,43,,37,LeVitate,4537224,,36,a letter a,3,,37,Auto Builder,8772564,,,,,,31,Road,2,,37,truper,2438812,,31,ThunderFlame,1,,37,Smasher,6012396,,,,,,21,geometrically dominated,1,,,,
,38,ü•ïCrazy Carrotü•ï,28097060,,33,Stardust,9,,38,Trap Guard,38118100,,38,Corrupt X (15 WR),3204991.1333333333,,37,byekc,47,,38,Bent Hybrid,42,,38,Die?,4521671,,36,e,3,,38, Big Cheese,8625355,,,,,,31,Sei,2,,38,Awootube,2398134,,31,DevinSucksAtLife,1,,38,Hybrid,5752142,,,,,,21,incog darky,1,,,,
,39,Mr.Chemistry,27686540,,39,Thx m8,8,,39,Auto Gunner,37587976,,39,Askatasuna (14 WR),3197912.0714285714,,39,Athu,44,,38,Spreadshot,42,,39,e,4438269,,36,From Asia,3,,39,Sprayer,8474443,,,,,,31,Silk,2,,39,HiYouHavePolio,2359843,,31,xeno,1,,39,Swarmer,5575862,,,,,,21,jax,1,,,,
,40,üéã,26469885,,39,hi,8,,40,Bushwhacker,37394818,,40,ascending (7 WR),3192631.714285714,,40,Silvius,43,,40,Battleship,41,,40,Otobus,4392662,,36,NadeWhyTea,3,,40,Double Twin,8362060,,,,,,31,Silvite,2,,40,jax,2355433,,31,Nite,1,,40,Surfer,5483252,,,,,,21,lTorenn,1,,,,
,41,üå∑|retnuH,26167122,,39,[MG] Spin2Team,8,,41,Beekeeper,36624085,,41,Athu (5 WR),3170309.4,,41,ASkib,40,,40,Twin,41,,41,Silk,4309467,,36,OnyxD,3,,41,Trap Guard,8349104,,,,,,31,Smiley,2,,41,Nyrox,2221174,,31,Silvius,1,,41,(Basic) Tank,5364476,,,,,,21,lifey,1,,,,
,42,jax,25826860,,39,fortune,8,,42,Rifle,36529050,,42,fortune (8 WR),3160349.75,,41,üå∑|retnuH,40,,42,Single,40,,42,Ditine,4204509,,36,Road,3,,42,(Basic) Tank,8095074,,,,,,31,Thunder,2,,42,hailstorm ;),2154833,,31,Para,1,,42,Assassin,5357406,,,,,,,,,,,,
,43,Denied,25760602,,39,Anto,8,,43,Booster,36117704,,43,Mine (60 WR),3140776.7333333334,,43,Crazoodles,39,,43,Barricade,39,,43,From Asia,4198590,,36,Crown the √ñ.,3,,43,Cyclone,7993127,,,,,,31,Typexleta,2,,43,Andycito123,2096542,,31,evil isopod,1,,43,Auto Tri-Angle,5318480,,,,,,,,,,,,
,44,fortune,25282798,,44,Armin Play YT,7,,44,Sniper,36066384,,44,4m (18 WR),3077994.9444444445,,43,Neptuun,39,,43,Bulwark,39,,44,MrFarmz,3830000,,36,Armin Play YT ,3,,44,Bent Hybrid,7985296,,,,,,31,[MG] Spin2Team,2,,44,incog darky,2034434,,31,jax,1,,44,Field Gun,5291752,,,,,,,,,,,,
,45,Damocles,24976981,,44,Ender,7,,45,Ranger,35854477,,45,WL9 (5 WR),3009008.4,,43,[MG] Spin2Team,39,,43,Sprayer,39,,45,ùïä√òœÖƒª,3807580,,45,potatoes,2,,45,Constructor,7948723,,,,,,31,ay96,2,,45,ü•ïCrazy Carrotü•ï,2023905,,31,cute sus,1,,45,Crop Duster,5186969,,,,,,,,,,,,
,46,Neptuun,23123922,,44,Denied,7,,46,Banshee,35588509,,46,YT=GLITCHER TM (5 WR),2983343,,46,Chaos,37,,46,Mortar,38,,46,uhhh ._.,3721888,,45,lTorenn,2,,46,Ordnance,7874008,,,,,,31,baking soda,2,,46,StormX,1913889,,31,[ü©∏] G—î—ÇzŒπŒ±,1,,46,Auto Smasher,5172939,,,,,,,,,,,,
,47,zo,22777065,,44,ü•ïCrazy Carrotü•ï,7,,47,Auto Spawner,35137292,,47,duc (6 WR),2922140.5,,47,Ender,36,,47,Auto Spawner,37,,47,Phoenix,3447866,,45,me(duh),2,,47,Bent Double,7824804,,,,,,31,duc,2,,47,AstRatJP,1902063,,31,ah~,1,,47,Ordnance,4758820,,,,,,,,,,,,
,48,ascending,22348422,,44,‚ò† ü·¥Ä…¢ –º·¥Äs—Ç·¥á Ä‚ò†,7,,48,Fighter,35116073,,48,Stradpult (6 WR),2916422.5,,47,ThunderFlame,36,,48,Factory,36,,48,eel,3347762,,45,Awootube,2,,48,Auto-4,7499891,,,,,,31,evil isopod,2,,48,[ü©∏] G—î—ÇzŒπŒ±,1439767,,31,Askatasuna,1,,48,Nailgun,4750055,,,,,,,,,,,,
,49,bean,22221042,,44,ascending,7,,49,Barricade,34943925,,49,[LK] (13 WR),2834461.846153846,,47,[LK],36,,49,Carrier,35,,49,Askatasuna,3300072,,45,Ender,2,,49,Bushwhacker,7341407,,,,,,31,jugg,2,,49,Alif (ÿ£ŸÑŸÅ)üå∑,1282894,,31,Rapist!,1,,49,Sprayer,4677660,,,,,,,,,,,,
,50,Jackson,21716783,,50,Mr.Chemistry,6,,50,Crop Duster,34471087,,50,YT-TY (5 WR),2800375.6,,47,asd,36,,50,Surfer,34,,50,OnyxD,3299522,,45,uhhh ._.,2,,50,Redistributor,7249606,,,,,,31,pancake,2,,50,squid lotion,1066175,,31,lifey,1,,50,Auto-5,4553471,,,,,,,,,,,,
,51,[MG] Spin2Team,21593072,,50,bean,6,,51,Octo Tank,34441880,,51,pool noodle (5 WR),2735990.8,,51,YT=GLITCHER TM,35,,51,Director,33,,51,jsohi,3262390,,45,Micckey üòé,2,,51,Dual,7091420,,,,,,31,‚ò† ü·¥Ä…¢ –º·¥Äs—Ç·¥á Ä‚ò†,2,,51,Hahaha4315,1020755,,31,Hahaha4315,1,,51,Overgunner,4311461,,,,,,,,,,,,
,52,CX has cute feet,19993096,,50,ASkib,6,,52,Sprayer,34436268,,52,Darky (6 WR),2727878.8333333335,,52,Jackson,34,,51,Dual,33,,52,a letter a,3166997,,45,breaking good,2,,52,Mega-3,7077751,,,,,,31,‚òØDark Karma„ÉÑ,2,,52,ah~,1006082,,31,Marcus,1,,52,Commander,4234619,,,,,,,,,,,,
,53,Anak,19441623,,50,Para,6,,53,Builder,34333668,,53,[MG] Spin2Team (8 WR),2699134,,53,fortune,33,,51,Flank Guard,33,,53,∆ßchrodŒπŒ∑gŒµr,3156649,,45,eel,2,,53,Artillery,7040915,,,,,,31,üå®Ô∏è DeepFreeze ‚ùÑÔ∏è,2,,53,Rapist!,916657,,31,HiYouHavePolio,1,,53,Overdrive,4057717,,,,,,,,,,,,
,54,noscore,19047982,,50,duc,6,,54,Twin,34302830,,54,‚ò† ü·¥Ä…¢ –º·¥Äs—Ç·¥á Ä‚ò† (7 WR),2528877.4285714286,,54,Para,32,,51,Trap Guard,33,,54,Marcus,2934044,,45,Corrupt Y,2,,54,Hewn Double,7004419,,,,,,54,@_@,1,,54,Clare,681572,,31,Nyrox,1,,54,Underseer,4011345,,,,,,,,,,,,
,55,Tommy,18988037,,50,Stradpult,6,,55,(Basic) Tank,34180256,,55,üå∑|retnuH (11 WR),2378829.272727273,,55,Jake,31,,55,Nailgun,32,,55,Ender,2924470,,45,MrFarmz,2,,55,Spreadshot,6980004,,,,,,54,Arctic,1,,55,xeno,578098,,31,Awootube,1,,55,Beekeeper,3907735,,,,,,,,,,,,
,56,‚ò† ü·¥Ä…¢ –º·¥Äs—Ç·¥á Ä‚ò†,17702142,,50,Darky,6,,56,Triple Twin,34148813,,56,jax (11 WR),2347896.3636363638,,55,Nya~,31,,55,Overgunner,32,,56,evil isopod,2903517,,45,jsohi,2,,56,Falcon,6916774,,,,,,54,Armin Play YT ,1,,,,,,,,,,56,Director,3876485,,,,,,,,,,,,
,57,duc,17532843,,50,Giggity,6,,57,Dual,33960635,,57,Giggity (6 WR),2345077.8333333335,,55,bean,31,,55,Overtrapper,32,,57,Awootube,2664772,,45,Silk,2,,57,Minigun,6882251,,,,,,54,Asriel,1,,,,,,,,,,57,Eagle,3811104,,,,,,,,,,,,
,58,Stradpult,17498535,,58,8,5,,58,Hewn Double,33836196,,58,Ray (5 WR),2328922.4,,58,Roman,30,,58,Builder,31,,58,ThunderFlame,2603751,,58,10,1,,58,Assassin,6870245,,,,,,54,Broskiwastaken/Salute,1,,,,,,,,,,58,Hexa Tank,3811003,,,,,,,,,,,,
,59,132,17066738,,58,132,5,,59,Fortress,33729323,,59,Neptuun (10 WR),2312392.2,,58,S3CR3T,30,,58,Constructor,31,,59,pool noodle,2468493,,58,Summersong,1,,59,Barricade,6773549,,,,,,54,CX has cute feet,1,,,,,,,,,,59,Fortress,3794502,,,,,,,,,,,,
,60,8,16464544,,58,WL9,5,,60,Shotgun,33579267,,60,Damocles (11 WR),2270634.6363636362,,60,Eternity,28,,60,Beekeeper,30,,60,breaking good,2419519,,58,Thx m8,1,,60,Rifle,6585405,,,,,,54,Candy,1,,,,,,,,,,60,Architect,3770732,,,,,,,,,,,,
,61,Darky,16367273,,58,YT-TY,5,,61,Assassin,33140610,,61,ASkib (6 WR),2228575.5,,60,O'Chunks,28,,60,Engineer,30,,61,Roman,2397105,,58,pool noodle,1,,61,Overgunner,6557476,,,,,,54,Chaos,1,,,,,,,,,,61,Redistributor,3704178,,,,,,,,,,,,
,62,cute sus,16364769,,58,Ray,5,,62,Machine Gunner,33068676,,62,CX has cute feet (9 WR),2221455.111111111,,60,üéã,28,,60,Triple Twin,30,,62,ExC,2328251,,58,Records,1,,62,Auto 3,6551085,,,,,,54,DBM,1,,,,,,,,,,62,Carrier,3126915,,,,,,,,,,,,
,63,Athu,15851547,,58,pool noodle,5,,63,Necromancer,32721460,,63,üéã (12 WR),2205823.75,,63,Darky,27,,63,Hewn Double,29,,63,Necropio,2323065,,58,Vinh HD,1,,63,Director,6326544,,,,,,54,Dev_Bs,1,,,,,,,,,,63,Destroyer,3084868,,,,,,,,,,,,
,64,WL9,15045042,,58,YT=GLITCHER TM,5,,64,Auto Tri-Angle,32474027,,64,Jackson (10 WR),2171678.3,,64,Hertz,26,,64,Boomer,28,,64,Obsession,2235634,,58,HiYouHavePolio,1,,64,Bulwark,6283174,,,,,,54,Die?,1,,,,,,,,,,64,Atomizer,3083099,,,,,,,,,,,,
,65,YT=GLITCHER TM,14916715,,58,cute sus,5,,65,Auto-5,32085282,,65,ThunderFlame (14 WR),2066614.9285714286,,64,our kill,26,,64,Double Twin,28,,65,CrimsonAsItIs,2043254,,58,<‚ùÇ> ‚Ç≠«ør…áa,1,,65,Cruiser,6272358,,,,,,54,Dog Of Wisdom,1,,,,,,,,,,65,Tri-Trapper,2858377,,,,,,,,,,,,
,66,Giggity,14070467,,58,pedal,5,,66,Bomber,32059207,,66,2not1üåπ (18 WR),2016208,,66,Buddy_Dog,25,,66,Minigun,27,,66,NadeWhyTea,2016524,,58,Chat Noir,1,,66,Landmine,6186022,,,,,,54,Eternity,1,,,,,,,,,,66,Overseer,2818051,,,,,,,,,,,,
,67,YT-TY,14001878,,58,Athu,5,,67,Musket,31996296,,67,Armin Play YT (7 WR),1973109.5714285714,,66,Crown the √ñ.,25,,66,Rifle,27,,67,Asriel,2003659,,58,Karmanor,1,,67,Triple Twin,6134460,,,,,,54,Jbad15,1,,,,,,,,,,67,Twin,2783423,,,,,,,,,,,,
,68,Armin Play YT,13811767,,58,Anak,5,,68,Factory,31949661,,68,Silk (15 WR),1943796.8,,66,Mr.Hacker YT,25,,68,Artillery,26,,68,Thx m8,1976304,,58,Phoenix,1,,68,Hexa Tank,6095843,,,,,,54,KSK,1,,,,,,,,,,68,Auto 3,2765788,,,,,,,,,,,,
,69,pool noodle,13679954,,69,Ice Cream Samich,4,,69,Spreadshot,31754630,,,,,,69,Oganesson 118,24,,68,Cyclone,26,,69,lTorenn,1970220,,58,KILL TM#3632,1,,69,Hunter,5984867,,,,,,54,Legenda,1,,,,,,,,,,69,Sidewinder,2696642,,,,,,,,,,,,
,70,Absol,13396440,,69,jah,4,,70,Minigun,31708969,,,,,,70,ùëâùì™ùì∑ùìÆùìºùìºùì™,23,,68,Ranger,26,,70,zo,1931008,,58,evil isopod,1,,70,Fighter,5962167,,,,,,54,Levitate,1,,,,,,,,,,70,Hewn Double,2513584,,,,,,,,,,,,
,71,ASkib,13371453,,69,a letter a,4,,71,Engineer,31704897,,,,,,71,Otobus,22,,71,Armsman,25,,71,10,1875830,,58,ÁÑ°„ÅÑÁÑº„Åç,1,,71,Septa Trapper,5871470,,,,,,54,Marcus,1,,,,,,,,,,71,Booster,2473157,,,,,,,,,,,,
,72,Ice Cream Samich,13143427,,69,CrimsonAsItIs,4,,72,Constructor,31520962,,,,,,71,Sonic -_-,22,,71,Auto-5,25,,72,‚ú† Purifier!,1767057,,58,Askatasuna,1,,72,Beekeeper,5765318,,,,,,54,Marcusicoi,1,,,,,,,,,,72,Bent Hybrid,2390484,,,,,,,,,,,,
,73,safuez,13122012,,69,pancake,4,,73,Swarmer,30961368,,,,,,71,jugg,22,,71,Machine Gunner,25,,73,Jimmy,1700000,,58,KevinGHB,1,,73,Surfer,5648836,,,,,,54,Medical Surgeon Unit,1,,,,,,,,,,73,Boomer,2325638,,,,,,,,,,,,
,74,crong,12253133,,69,Septerion,4,,74,Nailgun,30937930,,,,,,74,Corrupt X,21,,74,Fortress,24,,74,potatoes,1699479,,58,CWWW,1,,74,Architect,5638310,,,,,,54,Mr. Farmz,1,,,,,,,,,,74,Bushwhacker,2283422,,,,,,,,,,,,
,75,BaLu,12243774,,69,Absol,4,,75,Ordnance,30704448,,,,,,75,AstRatJP,20,,74,Musket,24,,75,minidev,1606343,,58,PokeSvorlds,1,,75,Swarmer,5626293,,,,,,54,Necropio,1,,,,,,,,,,75,Trap Guard,2262104,,,,,,,,,,,,
,76,Otobus,11799090,,69,Toy Maker,4,,76,Double Twin,30573254,,,,,,75,Heatherly,20,,76,Triple Shot,23,,76,4m,1457052,,58,Roman,1,,76,Smasher,5622931,,,,,,54,Nothingness,1,,,,,,,,,,76,Ranger,2204115,,,,,,,,,,,,
,77,Ray,11644612,,69,BaLu,4,,77,Crossbow,30381204,,,,,,77,Absol,19,,77,Swarmer,22,,77,PokeSvorlds,1365098,,58,[LM] KAlu,1,,77,Trapper,5604035,,,,,,54,Obssesion,1,,,,,,,,,,77,Double Twin,2191161,,,,,,,,,,,,
,78,ejv,11466981,,69,From Asia,4,,78,Stalker,30261151,,,,,,77,DragonFiire,19,,78,Assassin,20,,78,<‚ùÇ> ‚Ç≠«ør…áa,1334350,,58,Asriel,1,,78,Twin,5552313,,,,,,54,PaNcAkEü•û,1,,,,,,,,,,78,Armsman,2135529,,,,,,,,,,,,
,79,Sprunk,11409717,,69,bruhski,4,,79,Triple Shot,30110303,,,,,,77,Silk,19,,78,Crossbow,20,,79,me(duh),1314389,,58,Marcus,1,,79,Skimmer,5405710,,,,,,54,Roman,1,,,,,,,,,,79,X-Hunter,2079073,,,,,,,,,,,,
,80,CrimsonAsItIs,10534251,,69,Tommy,4,,80,Machine Gun,30035488,,,,,,77,cute sus,19,,78,Eagle,20,,80,TheMadLad,1273825,,58,exycus,1,,80,Penta Shot,5151983,,,,,,54,Solarized (mobile),1,,,,,,,,,,80,Builder,2006383,,,,,,,,,,,,
,81,Toy Maker,10476519,,81,Otobus,3,,81,Architect,29955657,,,,,,77,jah,19,,78,Hexa Trapper,20,,81,mq,1241611,,58,someone :),1,,81,Sidewinder,5064773,,,,,,54,Unknown Overlord,1,,,,,,,,,,81,Twister,1972609,,,,,,,,,,,,
,82,pancake,10312171,,81,zoom!ü•Ä,3,,82,Surfer,29689381,,,,,,77,jsohi,19,,78,Mega-3,20,,82,itzooferz yt,1236660,,58,Myst,1,,82,Bomber,5024892,,,,,,54,Varun,1,,,,,,,,,,82,Gunner Trapper,1940911,,,,,,,,,,,,
,83,Legenda,10125296,,81,PainÁóõ„Åø,3,,83,Cyclone,29624842,,,,,,83,ascending,18,,78,Shotgun,20,,83,HiYouHavePolio,1206303,,58,4m,1,,83,Necromancer,5009170,,,,,,54,Vinh HD,1,,,,,,,,,,83,Triple Twin,1930566,,,,,,,,,,,,
,84,a letter a,10005881,,81,Kris,3,,84,Mega-3,29623568,,,,,,83,noscore,18,,78,Skimmer,20,,84,! Choke !‚Ñ¢,1170175,,58,‚ú† Purifier!,1,,84,Flank Guard,4923564,,,,,,54,Xenom,1,,,,,,,,,,84,Hexa Trapper,1784569,,,,,,,,,,,,
,85,Septerion,9862548,,81,ùëâùì™ùì∑ùìÆùìºùìºùì™,3,,85,Skimmer,28225460,,,,,,83,uhhh ._.,18,,85,Architect,19,,85,‚ö°ùïØùñóùñÜùñåùñîùñì‚ö°INDONESIA,1158965,,58,Gizmic,1,,85,Banshee,4887700,,,,,,54,Yusuf 100,1,,,,,,,,,,85,Infestor,1769988,,,,,,,,,,,,
,86,jah,9735579,,81,Icewalk,3,,86,Director,27214447,,,,,,86,pancake,17,,85,Machine Gun,19,,86,KevinGHB,1130940,,58,nata,1,,86,Auto Smasher,4855224,,,,,,54,a letter a,1,,,,,,,,,,86,Rifle,1660515,,,,,,,,,,,,
,87,Jake,9132877,,81,safuez,3,,87,Conqueror,27197412,,,,,,87,132,16,,85,Maleficitor,19,,87,nata,1118897,,58,iJP TM,1,,87,Mortar,4831295,,,,,,54,crong,1,,,,,,,,,,87,Machine Gun,1494596,,,,,,,,,,,,
,88,OnyxD,8730782,,81,eel,3,,88,Eagle,27110845,,,,,,87,Kris,16,,88,Ordnance,18,,88,Chat Noir,1095674,,58,4 inch wide mega dildo,1,,88,Tri-Angle,4815245,,,,,,54,deepfreeze,1,,,,,,,,,,88,Conqueror,1402928,,,,,,,,,,,,
,89,ùëâùì™ùì∑ùìÆùìºùìºùì™,8674176,,81,Legenda,3,,89,Maleficitor,26843534,,,,,,87,Septerion,16,,88,Stalker,18,,89,CWWW,1080000,,58,mq,1,,89,Poacher,4760801,,,,,,54,heisen,1,,,,,,,,,,89,Bulwark,1401905,,,,,,,,,,,,
,90,Crazoodles,8644295,,81,zo,3,,90,Tri-Angle,25918800,,,,,,87,lotion,16,,88,Tri-Angle,18,,90,Hurricane,1070000,,58,Oa,1,,90,Underseer,4757845,,,,,,54,hexagone,1,,,,,,,,,,90,Mega Smasher,1349732,,,,,,,,,,,,
,91,Icewalk,8639129,,81,Trastectic,3,,91,Sidewinder,25918274,,,,,,91,Ditine,15,,91,Bomber,17,,91,HenWire,1049872,,58,Jimmy,1,,91,Pounder,4626513,,,,,,54,iiceheart,1,,,,,,,,,,91,Single,1325108,,,,,,,,,,,,
,92,Kris,8530259,,81,Nya~,3,,92,Gunner,25782579,,,,,,91,OnyxD,15,,92,Conqueror,15,,92,Vinh HD,1048516,,58,Necropio,1,,92,Crop Duster,4623087,,,,,,54,jah,1,,,,,,,,,,92,Septa Trapper,1292181,,,,,,,,,,,,
,93,Heatherly,8217163,,81,ejv,3,,93,Hexa Trapper,25687832,,,,,,91,ay96,15,,92,Spawner,15,,93,ÔºüÔºüÔºü,1039776,,58,CrimsonAsItIs,1,,93,Musket,4605890,,,,,,54,jsohi,1,,,,,,,,,,93,Constructor,1215774,,,,,,,,,,,,
,94,Nya~,7475599,,94,69,2,,94,Underseer,24856108,,,,,,94,Abience,14,,92,Underseer,15,,94,ÁÑ°„ÅÑÁÑº„Åç,1012172,,58,itzooferz yt,1,,94,Ranger,4494171,,,,,,54,loaf,1,,,,,,,,,,94,Predator,1130388,,,,,,,,,,,,
,95,asd,7447385,,94,Catto,2,,95,Poacher,24686702,,,,,,94,Allan,14,,95,Sidewinder,13,,95,literal cancer,938895,,58,HenWire,1,,95,Booster,4453690,,,,,,54,o_o,1,,,,,,,,,,95,Spike,1020755,,,,,,,,,,,,
,96,eel,7418033,,94,our kill,2,,96,Carrier,24671812,,,,,,94,Hestefisk,14,,96,Cruiser,12,,96,MoonMan,934713,,58,S3CR3T,1,,96,Atomizer,4427812,,,,,,54,pool noodle,1,,,,,,,,,,96,Focal,1016145,,,,,,,,,,,,
,97,Ditine,7400573,,94,TheMadLad,2,,97,Spawner,24559564,,,,,,94,duc,14,,96,Poacher,12,,97,S3CR3T,907750,,58,∆ßchrodŒπŒ∑gŒµr,1,,97,Focal,4419610,,,,,,54,rela üê£,1,,,,,,,,,,97,Flank Guard,952173,,,,,,,,,,,,
,98,PainÁóõ„Åø,7356067,,94,xeno,2,,98,Pounder,24274335,,,,,,98,8,13,,98,Auto-4,11,,98,Myst,833088,,58,zo,1,,98,Eagle,4358568,,,,,,54,solarized (mobile),1,,,,,,,,,,98,Triple Shot,900733,,,,,,,,,,,,
,99,Trastectic,7270764,,94,greg.,2,,99,Auto-4,23254178,,,,,,98,Broken,13,,99,Big Cheese,9,,99,Karmanor,814663,,58,TheMadLad,1,,99,Twister,4342835,,,,,,54,truper,1,,,,,,,,,,99,Stalker,811390,,,,,,,,,,,,
,100,From Asia,7173603,,94,‚öî Existenceüåô,2,,100,Cruiser,22127356,,,,,,98,Ray,13,,99,Pounder,9,,100,iJP TM,792056,,58,xeno,1,,100,Hexa Trapper,4332421,,,,,,54,you tried ‚òÜ,1,,,,,,,,,,100,Trapper,738506,,,,,,,,,,,,
,101,O'Chunks,7104612,,94,noscore,2,,101,Big Cheese,21372492,,,,,,98,istiR,13,,101,Gunner,8,,101,Gizmic,776091,,58,alt,1,,101,Stalker,4224420,,,,,,54,∆ßchrodŒπŒ∑gŒµr,1,,,,,,,,,,101,Hunter,681572,,,,,,,,,,,,
,102,Oganesson 118,7021334,,94,eneri,2,,102,Twister,21151555,,,,,,98,x,13,,101,Launcher,8,,102,@_@,725577,,58,literal cancer,1,,102,Spike,4126762,,,,,,54,‚òÜ,1,,,,,,,,,,102,Barricade,618788,,,,,,,,,,,,
,103,Sashazzz,6926625,,94,SunIdea,2,,103,Launcher,19730075,,,,,,103,EB,12,,101,Twister,8,,103,alt,718700,,58,Obsession,1,,103,Boomer,4094979,,,,,,54,‚ú† Purifier!,1,,,,,,,,,,103,Cyclone,548126,,,,,,,,,,,,
,104,TheMadLad,6893474,,94,Broken,2,,104,Septa Trapper,19303276,,,,,,103,Micckey üòé,12,,104,Hunter,7,,104,Records,701630,,58,Slen,1,,104,Commander,4089841,,,,,,54,‚±†‚Ç≥‚Ç£‚ûõSKULLRACER,1,,,,,,,,,,104,Launcher,545450,,,,,,,,,,,,
,105,S3CR3T,6562336,,94,$hortstop,2,,105,Tri-Trapper,19132792,,,,,,103,PQD[VN](DVN),12,,105,(Basic) Tank,6,,105,StormX,677466,,58,‚ö°ùïØùñóùñÜùñåùñîùñì‚ö°INDONESIA,1,,105,Fortress,4042630,,,,,,54,üéã,1,,,,,,,,,,105,Pounder,0,,,,,,,,,,,,
,106,PQD[VN](DVN),6540044,,94,NOT|megaball[VN,2,,106,Hunter,18226168,,,,,,103,pool noodle,12,,105,Auto 3,6,,106,xeno,664982,,58,MoonMan,1,,106,Builder,3862365,,,,,,,,,,,,,,,,,,105,Cruiser,0,,,,,,,,,,,,
,107,Broken,6510904,,94,you tried ‚òÜ,2,,107,Auto 3,17948741,,,,,,107,1,11,,107,Redistributor,5,,107,Summersong,645020,,58,ExC,1,,107,Launcher,3688409,,,,,,,,,,,,,,,,,,105,Gunner,0,,,,,,,,,,,,
,108,Die?,6442118,,94,jsohi,2,,108,Redistributor,17902579,,,,,,107,CX has cute feet,11,,107,Septa Trapper,5,,108,Slen,643745,,58,ThunderFlame,1,,108,Armsman,3403675,,,,,,,,,,,,,,,,,,105,Minigun,0,,,,,,,,,,,,
,109,„Å≠„Åì„Åç„Çì,6349079,,94,DevŒ±,2,,109,Trapper,17588527,,,,,,107,Catto,11,,107,Trapper,5,,109,Oa,613325,,58,minidev,1,,109,Field Gun,3273117,,,,,,,,,,,,,,,,,,105,Bomber,0,,,,,,,,,,,,
,110,Sonic -_-,6247972,,94,Thunder,2,,110,Field Gun,16776338,,,,,,107,Giggity,11,,107,Tri-Trapper,5,,110,[LM] KAlu,603116,,58,ÔºüÔºüÔºü,1,,110,Tri-Trapper,2906676,,,,,,,,,,,,,,,,,,105,Dual,0,,,,,,,,,,,,
,111,Hydra,6193777,,94,OnyxD,2,,111,Atomizer,12793507,,,,,,107,YT-TY,11,,111,Atomizer,2,,111,someone :),590065,,58,@_@,1,,111,Phoenix,2807596,,,,,,,,,,,,,,,,,,105,Musket,0,,,,,,,,,,,,
,112,lamita,5983746,,94,loaf,2,,112,Focal,12199131,,,,,,107,eel,11,,111,Field Gun,2,,112,4 inch wide mega dildo,549689,,58,Hurricane,1,,112,Maleficitor,2191210,,,,,,,,,,,,,,,,,,105,Necromancer,0,,,,,,,,,,,,
,113,SunIdea,5964907,,94,long vn :D,2,,113,Phoenix,11153721,,,,,,113,2not1üåπ,10,,111,Infestor,2,,113,exycus,537760,,58,StormX,1,,113,Mega Smasher,1062099,,,,,,,,,,,,,,,,,,105,Phoenix,0,,,,,,,,,,,,
,114,Legit Developer,5948273,,94,lotion,2,,114,X-Hunter,10371326,,,,,,113,ByEkc,10,,111,X-Hunter,2,,114,KILL TM#3632,532487,,58,! Choke !‚Ñ¢,1,,114,Infestor,0,,,,,,,,,,,,,,,,,,105,Poacher,0,,,,,,,,,,,,
,115,Nguyen,5857484,,94,SKyTarii,2,,115,Infestor,9931918,,,,,,113,Cambam826YT,10,,115,Auto Assassin,1,,,,,,,,,,114,X-Hunter,0,,,,,,,,,,,,,,,,,,105,Skimmer,0,,,,,,,,,,,,
,116,Hellitica,5802534,,94,Sonic -_-,2,,,,,,,,,,113,Die?,10,,115,Focal,1,,,,,,,,,,,,,,,,,,,,,,,,,,,,,,,,,,,,,,,,,,,,
,117,Silvius,5792024,,94,ùìíùìÆùìµùìÆùìºùìΩùì≤ùì™ùìµüåô,2,,,,,,,,,,113,Ice Cream Samich,10,,,,,,,,,,,,,,,,,,,,,,,,,,,,,,,,,,,,,,,,,,,,,,,,
,118,bruhski,5649012,,94,UwU,2,,,,,,,,,,113,Rosencrantz and Guildenstern,10,,,,,,,,,,,,,,,,,,,,,,,,,,,,,,,,,,,,,,,,,,,,,,,,
,119,JellySnk,5539118,,94,NIGHTGER,2,,,,,,,,,,113,Thunder,10,,,,,,,,,,,,,,,,,,,,,,,,,,,,,,,,,,,,,,,,,,,,,,,,
,120,mq,5518921,,94,Sashazzz,2,,,,,,,,,,113,bob,10,,,,,,,,,,,,,,,,,,,,,,,,,,,,,,,,,,,,,,,,,,,,,,,,
,121,NIGHTGER,5492376,,94,Jake,2,,,,,,,,,,113,kris,10,,,,,,,,,,,,,,,,,,,,,,,,,,,,,,,,,,,,,,,,,,,,,,,,
,122,UwU,5420931,,94,dnb,2,,,,,,,,,,122,Dard√∏ ÂØù„Çã,9,,,,,,,,,,,,,,,,,,,,,,,,,,,,,,,,,,,,,,,,,,,,,,,,
,123,dnb,5326583,,94,Ditine,2,,,,,,,,,,122,DevinSucksAtLife,9,,,,,,,,,,,,,,,,,,,,,,,,,,,,,,,,,,,,,,,,,,,,,,,,
,124,Catto,5274547,,94,Die?,2,,,,,,,,,,122,ErrorAce.,9,,,,,,,,,,,,,,,,,,,,,,,,,,,,,,,,,,,,,,,,,,,,,,,,
,125,EB,5247509,,94,crong,2,,,,,,,,,,122,HZ6,9,,,,,,,,,,,,,,,,,,,,,,,,,,,,,,,,,,,,,,,,,,,,,,,,
,126,x,5160051,,94,17th,2,,,,,,,,,,122,IXIII,9,,,,,,,,,,,,,,,,,,,,,,,,,,,,,,,,,,,,,,,,,,,,,,,,
,127,shuna,5001105,,94,‚ö°ùïØùñóùñÜùñåùñîùñì‚ö°INDONESIA,2,,,,,,,,,,122,New Plan,9,,,,,,,,,,,,,,,,,,,,,,,,,,,,,,,,,,,,,,,,,,,,,,,,
,128,zoom!ü•Ä,4969260,,94,PQD[VN](DVN),2,,,,,,,,,,122,Someone,9,,,,,,,,,,,,,,,,,,,,,,,,,,,,,,,,,,,,,,,,,,,,,,,,
,129,DevŒ±,4952502,,94,Sprunk,2,,,,,,,,,,122,X...,9,,,,,,,,,,,,,,,,,,,,,,,,,,,,,,,,,,,,,,,,,,,,,,,,
,130,hewo,4936258,,94,Server Dominated,2,,,,,,,,,,122,loaf,9,,,,,,,,,,,,,,,,,,,,,,,,,,,,,,,,,,,,,,,,,,,,,,,,
,131,SKyTarii,4842462,,94,Crazoodles,2,,,,,,,,,,131,$hortstop,8,,,,,,,,,,,,,,,,,,,,,,,,,,,,,,,,,,,,,,,,,,,,,,,,
,132,$hortstop,4783571,,94,S3CR3T,2,,,,,,,,,,131,Chat Noir,8,,,,,,,,,,,,,,,,,,,,,,,,,,,,,,,,,,,,,,,,,,,,,,,,
,133,Mr. Cheese,4746854,,94,Hertz,2,,,,,,,,,,131,E,8,,,,,,,,,,,,,,,,,,,,,,,,,,,,,,,,,,,,,,,,,,,,,,,,
,134,jsohi,4746119,,94,Maku,2,,,,,,,,,,131,Icewalk,8,,,,,,,,,,,,,,,,,,,,,,,,,,,,,,,,,,,,,,,,,,,,,,,,
,135,Jimmy,4700319,,94,AstRatJP,2,,,,,,,,,,131,Myst,8,,,,,,,,,,,,,,,,,,,,,,,,,,,,,,,,,,,,,,,,,,,,,,,,
,136,xahh,4603093,,94,BHü•ïBunny Hop!,2,,,,,,,,,,131,Nguyen,8,,,,,,,,,,,,,,,,,,,,,,,,,,,,,,,,,,,,,,,,,,,,,,,,
,137,+5cott,4601169,,94,Nguyen,2,,,,,,,,,,131,Psychlow,8,,,,,,,,,,,,,,,,,,,,,,,,,,,,,,,,,,,,,,,,,,,,,,,,
,138,‚ö°ùïØùñóùñÜùñåùñîùñì‚ö°INDONESIA,4598565,,94,+5cott,2,,,,,,,,,,131,TacoCat,8,,,,,,,,,,,,,,,,,,,,,,,,,,,,,,,,,,,,,,,,,,,,,,,,
,139,NoName,4574126,,94,O'Chunks,2,,,,,,,,,,131,TheMadLad,8,,,,,,,,,,,,,,,,,,,,,,,,,,,,,,,,,,,,,,,,,,,,,,,,
,140,our kill,4530917,,140,0,1,,,,,,,,,,131,[MG] Beetle,8,,,,,,,,,,,,,,,,,,,,,,,,,,,,,,,,,,,,,,,,,,,,,,,,
,141,NOT|megaball[VN,4422724,,140,1,1,,,,,,,,,,131,a letter a,8,,,,,,,,,,,,,,,,,,,,,,,,,,,,,,,,,,,,,,,,,,,,,,,,
,142,AstRatJP,4377462,,140,JellySnk,1,,,,,,,,,,131,crong,8,,,,,,,,,,,,,,,,,,,,,,,,,,,,,,,,,,,,,,,,,,,,,,,,
,143,loaf,4329403,,140,a/4,1,,,,,,,,,,131,eneri,8,,,,,,,,,,,,,,,,,,,,,,,,,,,,,,,,,,,,,,,,,,,,,,,,
,144,HZ6,4311788,,140,‚ù¶ùì¶ùì≤ùìºùì±ùìÆùìº‚ù£,1,,,,,,,,,,131,huy vn :D,8,,,,,,,,,,,,,,,,,,,,,,,,,,,,,,,,,,,,,,,,,,,,,,,,
,145,Hertz,4294994,,140,Psychlow,1,,,,,,,,,,131,safuez,8,,,,,,,,,,,,,,,,,,,,,,,,,,,,,,,,,,,,,,,,,,,,,,,,
,146,clockatiel,4243117,,140,Moral X,1,,,,,,,,,,131,shuna,8,,,,,,,,,,,,,,,,,,,,,,,,,,,,,,,,,,,,,,,,,,,,,,,,
,147,Ocean,4117159,,140,Cipher,1,,,,,,,,,,131,Íû™Ôªâ…≠…≠∆à‡∏Ñ·çï,8,,,,,,,,,,,,,,,,,,,,,,,,,,,,,,,,,,,,,,,,,,,,,,,,
,148,Jazz,4114739,,140,«§«ø[neVX]‚ôõ,1,,,,,,,,,,148,Barzone,7,,,,,,,,,,,,,,,,,,,,,,,,,,,,,,,,,,,,,,,,,,,,,,,,
,149,eneri,4065110,,140,Colourful,1,,,,,,,,,,148,Bowler,7,,,,,,,,,,,,,,,,,,,,,,,,,,,,,,,,,,,,,,,,,,,,,,,,
,150,Minty,4024595,,140,Laru,1,,,,,,,,,,148,Dark,7,,,,,,,,,,,,,,,,,,,,,,,,,,,,,,,,,,,,,,,,,,,,,,,,
,151,breaking good,3990554,,140,nata,1,,,,,,,,,,148,For Kenza üåπ,7,,,,,,,,,,,,,,,,,,,,,,,,,,,,,,,,,,,,,,,,,,,,,,,,
,152,chewy pies,3913231,,140,„Éò‚Å†Ôºà‚Å†„ÄÇ‚Å†‚ñ°‚Å†¬∞‚Å†Ôºâ‚Å†„Éò,1,,,,,,,,,,148,Jazz,7,,,,,,,,,,,,,,,,,,,,,,,,,,,,,,,,,,,,,,,,,,,,,,,,
,153,lotion,3896688,,140,bajaja,1,,,,,,,,,,148,NOT|megaball[VN],7,,,,,,,,,,,,,,,,,,,,,,,,,,,,,,,,,,,,,,,,,,,,,,,,
,154,„Ñö·¥á·¥õ…™üçù,3887968,,140,Corrupt Z (2not1),1,,,,,,,,,,148,SunIdea,7,,,,,,,,,,,,,,,,,,,,,,,,,,,,,,,,,,,,,,,,,,,,,,,,
,155,greg.,3823136,,140,EB,1,,,,,,,,,,155,69,6,,,,,,,,,,,,,,,,,,,,,,,,,,,,,,,,,,,,,,,,,,,,,,,,
,156,Thunder,3806878,,140,syd para,1,,,,,,,,,,155,BaLu,6,,,,,,,,,,,,,,,,,,,,,,,,,,,,,,,,,,,,,,,,,,,,,,,,
,157,Server Dominated,3710171,,140,Askib,1,,,,,,,,,,155,CrimsonAsItIs,6,,,,,,,,,,,,,,,,,,,,,,,,,,,,,,,,,,,,,,,,,,,,,,,,
,158,Maku,3685444,,140,Micckey üòé,1,,,,,,,,,,155,DevŒ±,6,,,,,,,,,,,,,,,,,,,,,,,,,,,,,,,,,,,,,,,,,,,,,,,,
,159,17th,3685105,,140,ùêî,1,,,,,,,,,,155,Mythical,6,,,,,,,,,,,,,,,,,,,,,,,,,,,,,,,,,,,,,,,,,,,,,,,,
,160,no go,3568823,,140,clockatiel,1,,,,,,,,,,155,Orange,6,,,,,,,,,,,,,,,,,,,,,,,,,,,,,,,,,,,,,,,,,,,,,,,,
,161,FunPlayer05,3527224,,140,Candy!,1,,,,,,,,,,155,Raptor,6,,,,,,,,,,,,,,,,,,,,,,,,,,,,,,,,,,,,,,,,,,,,,,,,
,162,New Plan,3501351,,140,Raptor,1,,,,,,,,,,155,Road,6,,,,,,,,,,,,,,,,,,,,,,,,,,,,,,,,,,,,,,,,,,,,,,,,
,163,69,3497421,,140,a seal!,1,,,,,,,,,,155,Sprunk,6,,,,,,,,,,,,,,,,,,,,,,,,,,,,,,,,,,,,,,,,,,,,,,,,
,164,Trestoc,3452434,,140,no go,1,,,,,,,,,,155,Suika,6,,,,,,,,,,,,,,,,,,,,,,,,,,,,,,,,,,,,,,,,,,,,,,,,
,165,Laru,3372514,,140,Minty,1,,,,,,,,,,155,Sunburst,6,,,,,,,,,,,,,,,,,,,,,,,,,,,,,,,,,,,,,,,,,,,,,,,,
,166,xd,3362398,,140,Xenom,1,,,,,,,,,,155,Xenom,6,,,,,,,,,,,,,,,,,,,,,,,,,,,,,,,,,,,,,,,,,,,,,,,,
,167,you tried ‚òÜ,3309905,,140,Hydra,1,,,,,,,,,,155,Yusuf 100,6,,,,,,,,,,,,,,,,,,,,,,,,,,,,,,,,,,,,,,,,,,,,,,,,
,168,BHü•ïBunny Hop!,3297791,,140,FunPlayer05,1,,,,,,,,,,155,golden,6,,,,,,,,,,,,,,,,,,,,,,,,,,,,,,,,,,,,,,,,,,,,,,,,
,169,cyan,3218143,,140,Armin Play YT ,1,,,,,,,,,,155,lit,6,,,,,,,,,,,,,,,,,,,,,,,,,,,,,,,,,,,,,,,,,,,,,,,,
,170,ErrorAce.,3217861,,140,[CONQ] Tasty,1,,,,,,,,,,155,me(duh),6,,,,,,,,,,,,,,,,,,,,,,,,,,,,,,,,,,,,,,,,,,,,,,,,
,171,Yusuf 100,3178450,,140,ay96,1,,,,,,,,,,155,nata,6,,,,,,,,,,,,,,,,,,,,,,,,,,,,,,,,,,,,,,,,,,,,,,,,
,172,Dard√∏ ÂØù„Çã,3175523,,140,mental,1,,,,,,,,,,155,secretlymas,6,,,,,,,,,,,,,,,,,,,,,,,,,,,,,,,,,,,,,,,,,,,,,,,,
,173,xeno,3141839,,140,hewo,1,,,,,,,,,,173,Cannonman,5,,,,,,,,,,,,,,,,,,,,,,,,,,,,,,,,,,,,,,,,,,,,,,,,
,174,LOLOLO,3121598,,140,„Ñö·¥á·¥õ…™üçù,1,,,,,,,,,,173,Jimmy,5,,,,,,,,,,,,,,,,,,,,,,,,,,,,,,,,,,,,,,,,,,,,,,,,
,175,Kei üáØüáµ,3071332,,140,[üçû]little one <3üç´üç¶üçë,1,,,,,,,,,,173,NOT|megaball[VN,5,,,,,,,,,,,,,,,,,,,,,,,,,,,,,,,,,,,,,,,,,,,,,,,,
,176,long vn :D,3065363,,140,Heatherly,1,,,,,,,,,,173,Peach Lover,5,,,,,,,,,,,,,,,,,,,,,,,,,,,,,,,,,,,,,,,,,,,,,,,,
,177,male,3058197,,140,·µõÃ∑ÃàÃêÃíÕâ·µñÃ¥ÃöÃΩÕòÕÜÃôÃ∫·µ†Ã∑ÃêÃïÃàÃõÃ∫ÃÆÃ≤Ã™,1,,,,,,,,,,173,Quadruplex,5,,,,,,,,,,,,,,,,,,,,,,,,,,,,,,,,,,,,,,,,,,,,,,,,
,178,„Éò‚Å†Ôºà‚Å†„ÄÇ‚Å†‚ñ°‚Å†¬∞‚Å†Ôºâ‚Å†„Éò,3029739,,140,Silvius,1,,,,,,,,,,173,Sei,5,,,,,,,,,,,,,,,,,,,,,,,,,,,,,,,,,,,,,,,,,,,,,,,,
,179,Askib,3023850,,140,cyan,1,,,,,,,,,,173,Toy Maker,5,,,,,,,,,,,,,,,,,,,,,,,,,,,,,,,,,,,,,,,,,,,,,,,,
,180,Levi,3012802,,140,shuna,1,,,,,,,,,,173,[üçû]little one <3üç´üç¶üçë,5,,,,,,,,,,,,,,,,,,,,,,,,,,,,,,,,,,,,,,,,,,,,,,,,
,181,Barzone,3000151,,140,Jazz,1,,,,,,,,,,173,clockatiel,5,,,,,,,,,,,,,,,,,,,,,,,,,,,,,,,,,,,,,,,,,,,,,,,,
,182,duud,2895979,,140,„Å≠„Åì„Åç„Çì,1,,,,,,,,,,173,karnal,5,,,,,,,,,,,,,,,,,,,,,,,,,,,,,,,,,,,,,,,,,,,,,,,,
,183,1,2874518,,140,breaking good,1,,,,,,,,,,173,temp,5,,,,,,,,,,,,,,,,,,,,,,,,,,,,,,,,,,,,,,,,,,,,,,,,
,184,ùìíùìÆùìµùìÆùìºùìΩùì≤ùì™ùìµüåô,2850325,,140,Salt,1,,,,,,,,,,173,the midnight,5,,,,,,,,,,,,,,,,,,,,,,,,,,,,,,,,,,,,,,,,,,,,,,,,
,185,‚ó£“í»Ω‚Ç≥ŒúŒ£Œ≤‚ó•,2744067,,140,Haha Bee üêù,1,,,,,,,,,,173,toxic,5,,,,,,,,,,,,,,,,,,,,,,,,,,,,,,,,,,,,,,,,,,,,,,,,
,186,Armin Play YT ,2636912,,140,‚ó£“í»Ω‚Ç≥ŒúŒ£Œ≤‚ó•,1,,,,,,,,,,173,you tried ‚òÜ,5,,,,,,,,,,,,,,,,,,,,,,,,,,,,,,,,,,,,,,,,,,,,,,,,
,187,‚öî Existenceüåô,2594551,,140,poui,1,,,,,,,,,,173,‚ôï,5,,,,,,,,,,,,,,,,,,,,,,,,,,,,,,,,,,,,,,,,,,,,,,,,
,188,Motorcycle,2580279,,140,Spacebar,1,,,,,,,,,,173,ùïä√òœÖƒª,5,,,,,,,,,,,,,,,,,,,,,,,,,,,,,,,,,,,,,,,,,,,,,,,,
,189,ùïä√òœÖƒª,2579629,,140,duud,1,,,,,,,,,,173,ü¶ÜGot Any Grapes?ü¶Ü,5,,,,,,,,,,,,,,,,,,,,,,,,,,,,,,,,,,,,,,,,,,,,,,,,
,190,ay96,2569387,,140,SS 69,1,,,,,,,,,,173,Ôº¥ÔΩàÔΩÖ  ÔºµÔΩéÔΩãÔΩéÔΩèÔΩóÔΩé,5,,,,,,,,,,,,,,,,,,,,,,,,,,,,,,,,,,,,,,,,,,,,,,,,
,191,‚ù¶ùì¶ùì≤ùìºùì±ùìÆùìº‚ù£,2537310,,140,mq,1,,,,,,,,,,191,4 inch wide mega dildo,4,,,,,,,,,,,,,,,,,,,,,,,,,,,,,,,,,,,,,,,,,,,,,,,,
,192,Candy!,2491436,,140,<>,1,,,,,,,,,,191,<?W> Whoops,4,,,,,,,,,,,,,,,,,,,,,,,,,,,,,,,,,,,,,,,,,,,,,,,,
,193,AsianloliGirsAreHot,2387436,,140,Helaas Pindakaas,1,,,,,,,,,,191,Anak,4,,,,,,,,,,,,,,,,,,,,,,,,,,,,,,,,,,,,,,,,,,,,,,,,
,194,0,2331609,,140,Jimmy,1,,,,,,,,,,191,Armin Play YT,4,,,,,,,,,,,,,,,,,,,,,,,,,,,,,,,,,,,,,,,,,,,,,,,,
,195,the midnight,2314545,,140,the midnight,1,,,,,,,,,,191,DukeOnkled,4,,,,,,,,,,,,,,,,,,,,,,,,,,,,,,,,,,,,,,,,,,,,,,,,
,196,ùïÉùïöùï•ùï•ùïùùïñ ùîπùïöùï£ùïï,2301036,,140,ùïÉùïöùï•ùï•ùïùùïñ ùîπùïöùï£ùïï,1,,,,,,,,,,191,Gamboge,4,,,,,,,,,,,,,,,,,,,,,,,,,,,,,,,,,,,,,,,,,,,,,,,,
,197,Salt,2300825,,140,>_<#4554,1,,,,,,,,,,191,G√òLDEN,4,,,,,,,,,,,,,,,,,,,,,,,,,,,,,,,,,,,,,,,,,,,,,,,,
,198,·µõÃ∑ÃàÃêÃíÕâ·µñÃ¥ÃöÃΩÕòÕÜÃôÃ∫·µ†Ã∑ÃêÃïÃàÃõÃ∫ÃÆÃ≤Ã™,2299949,,140,Varun,1,,,,,,,,,,191,Jormungander,4,,,,,,,,,,,,,,,,,,,,,,,,,,,,,,,,,,,,,,,,,,,,,,,,
,199,For Kenza üåπ,2298119,,140,karnal,1,,,,,,,,,,191,KILL TM#3632,4,,,,,,,,,,,,,,,,,,,,,,,,,,,,,,,,,,,,,,,,,,,,,,,,
,200,iiceheart,2275295,,140,NoName,1,,,,,,,,,,191,Kei üáØüáµ,4,,,,,,,,,,,,,,,,,,,,,,,,,,,,,,,,,,,,,,,,,,,,,,,,
,201,Raptor,2259611,,140,M3GA,1,,,,,,,,,,191,Minty,4,,,,,,,,,,,,,,,,,,,,,,,,,,,,,,,,,,,,,,,,,,,,,,,,
,202,HiYouHavePolio,2254813,,140,Oganesson 118,1,,,,,,,,,,191,Nite,4,,,,,,,,,,,,,,,,,,,,,,,,,,,,,,,,,,,,,,,,,,,,,,,,
,203,a seal!,2239175,,140,xahh,1,,,,,,,,,,191,Nothingness,4,,,,,,,,,,,,,,,,,,,,,,,,,,,,,,,,,,,,,,,,,,,,,,,,
,204,ÂàÄ,2236655,,140,Pawel99UK,1,,,,,,,,,,191,Pawel99UK,4,,,,,,,,,,,,,,,,,,,,,,,,,,,,,,,,,,,,,,,,,,,,,,,,
,205,[üçû]little one <3üç´üç¶üçë,2221788,,140,LOLOLO,1,,,,,,,,,,191,Playee,4,,,,,,,,,,,,,,,,,,,,,,,,,,,,,,,,,,,,,,,,,,,,,,,,
,206,temp,2211956,,140,New Plan,1,,,,,,,,,,191,Sashazzz,4,,,,,,,,,,,,,,,,,,,,,,,,,,,,,,,,,,,,,,,,,,,,,,,,
,207,TacoCat,2207191,,140,HiYouHavePolio,1,,,,,,,,,,191,Vinh HD,4,,,,,,,,,,,,,,,,,,,,,,,,,,,,,,,,,,,,,,,,,,,,,,,,
,208,poui,2198464,,140,Piee,1,,,,,,,,,,191,Wookie,4,,,,,,,,,,,,,,,,,,,,,,,,,,,,,,,,,,,,,,,,,,,,,,,,
,209,Micckey üòé,2193295,,140,Motorcycle,1,,,,,,,,,,191,greg.,4,,,,,,,,,,,,,,,,,,,,,,,,,,,,,,,,,,,,,,,,,,,,,,,,
,210,syd para,2184048,,140,Barzone,1,,,,,,,,,,191,lamita,4,,,,,,,,,,,,,,,,,,,,,,,,,,,,,,,,,,,,,,,,,,,,,,,,
,211,mental,2168616,,140,qoh,1,,,,,,,,,,191,poui,4,,,,,,,,,,,,,,,,,,,,,,,,,,,,,,,,,,,,,,,,,,,,,,,,
,212,Moral X,2163316,,140,Nothingness,1,,,,,,,,,,191,ufo,4,,,,,,,,,,,,,,,,,,,,,,,,,,,,,,,,,,,,,,,,,,,,,,,,
,213,Psychlow,2139394,,140,Orange Creamsicle,1,,,,,,,,,,191,‚îÇDŒ∑B‚îÇ,4,,,,,,,,,,,,,,,,,,,,,,,,,,,,,,,,,,,,,,,,,,,,,,,,
,214,peebis,2127377,,140,asd,1,,,,,,,,,,191,‚ù§Ô∏èüî•MaximusFireFightüî•‚ù§Ô∏è,4,,,,,,,,,,,,,,,,,,,,,,,,,,,,,,,,,,,,,,,,,,,,,,,,
,215,Nothingness,2125466,,140,Legit Developer,1,,,,,,,,,,215,2 Lagcreator,3,,,,,,,,,,,,,,,,,,,,,,,,,,,,,,,,,,,,,,,,,,,,,,,,
,216,karnal,2112785,,140,Ocean,1,,,,,,,,,,215,5cott,3,,,,,,,,,,,,,,,,,,,,,,,,,,,,,,,,,,,,,,,,,,,,,,,,
,217,Orange Creamsicle,2087144,,140,je7,1,,,,,,,,,,215,A2ron,3,,,,,,,,,,,,,,,,,,,,,,,,,,,,,,,,,,,,,,,,,,,,,,,,
,218,>_<#4554,2077389,,140,temp,1,,,,,,,,,,215,Alpha,3,,,,,,,,,,,,,,,,,,,,,,,,,,,,,,,,,,,,,,,,,,,,,,,,
,219,je7,2013208,,140,AsianloliGirsAreHot,1,,,,,,,,,,215,BlueGruffer,3,,,,,,,,,,,,,,,,,,,,,,,,,,,,,,,,,,,,,,,,,,,,,,,,
,220,BlueGruffer,2003837,,140,TacoCat,1,,,,,,,,,,215,Dead Dream,3,,,,,,,,,,,,,,,,,,,,,,,,,,,,,,,,,,,,,,,,,,,,,,,,
,221,theikeaman,1994473,,140,ErrorAce.,1,,,,,,,,,,215,DinhTung,3,,,,,,,,,,,,,,,,,,,,,,,,,,,,,,,,,,,,,,,,,,,,,,,,
,222,ùêî,1932123,,140,Yusuf 100,1,,,,,,,,,,215,Drunky,3,,,,,,,,,,,,,,,,,,,,,,,,,,,,,,,,,,,,,,,,,,,,,,,,
,223,Tatan,1881848,,140,Dard√∏ ÂØù„Çã,1,,,,,,,,,,215,Falcon-chan,3,,,,,,,,,,,,,,,,,,,,,,,,,,,,,,,,,,,,,,,,,,,,,,,,
,224,nata,1855543,,140,usaidwhat,1,,,,,,,,,,215,KSK,3,,,,,,,,,,,,,,,,,,,,,,,,,,,,,,,,,,,,,,,,,,,,,,,,
,225,unnamed,1842953,,140,ùïä√òœÖƒª,1,,,,,,,,,,215,Maku,3,,,,,,,,,,,,,,,,,,,,,,,,,,,,,,,,,,,,,,,,,,,,,,,,
,226,Soul,1842889,,140,Tatan,1,,,,,,,,,,215,MoonMan,3,,,,,,,,,,,,,,,,,,,,,,,,,,,,,,,,,,,,,,,,,,,,,,,,
,227,Pawel99UK,1833853,,140,theikeaman,1,,,,,,,,,,215,NIGHTGER,3,,,,,,,,,,,,,,,,,,,,,,,,,,,,,,,,,,,,,,,,,,,,,,,,
,228,<>,1814497,,140,Hestefisk,1,,,,,,,,,,215,Necropio,3,,,,,,,,,,,,,,,,,,,,,,,,,,,,,,,,,,,,,,,,,,,,,,,,
,229,«§«ø[neVX]‚ôõ,1793426,,140,BlueGruffer,1,,,,,,,,,,215,NeonLights,3,,,,,,,,,,,,,,,,,,,,,,,,,,,,,,,,,,,,,,,,,,,,,,,,
,230,a/4,1787082,,140,Alpha,1,,,,,,,,,,215,PQD[VN],3,,,,,,,,,,,,,,,,,,,,,,,,,,,,,,,,,,,,,,,,,,,,,,,,
,231,usaidwhat,1765593,,140,unnamed,1,,,,,,,,,,215,Reflection,3,,,,,,,,,,,,,,,,,,,,,,,,,,,,,,,,,,,,,,,,,,,,,,,,
,232,SS 69,1741580,,140,LLL,1,,,,,,,,,,215,Senyx,3,,,,,,,,,,,,,,,,,,,,,,,,,,,,,,,,,,,,,,,,,,,,,,,,
,233,Haha Bee üêù,1718606,,140,mr haker yt,1,,,,,,,,,,215,Sniper Experimental,3,,,,,,,,,,,,,,,,,,,,,,,,,,,,,,,,,,,,,,,,,,,,,,,,
,234,Eternity,1706930,,140,For Kenza üåπ,1,,,,,,,,,,215,Symphony,3,,,,,,,,,,,,,,,,,,,,,,,,,,,,,,,,,,,,,,,,,,,,,,,,
,235,furrycry,1683413,,140,iiceheart,1,,,,,,,,,,215,UwU,3,,,,,,,,,,,,,,,,,,,,,,,,,,,,,,,,,,,,,,,,,,,,,,,,
,236,Varun,1515248,,140,$kulllord,1,,,,,,,,,,215,Yukihira,3,,,,,,,,,,,,,,,,,,,,,,,,,,,,,,,,,,,,,,,,,,,,,,,,
,237,Xenom,1496643,,140,HZ6,1,,,,,,,,,,215,[CONQ] Tasty,3,,,,,,,,,,,,,,,,,,,,,,,,,,,,,,,,,,,,,,,,,,,,,,,,
,238,[CONQ] Tasty,1473607,,140,peebis,1,,,,,,,,,,215,[The Ultimate],3,,,,,,,,,,,,,,,,,,,,,,,,,,,,,,,,,,,,,,,,,,,,,,,,
,239,DinhTung,1463216,,140,Cybertrap,1,,,,,,,,,,215,cyan,3,,,,,,,,,,,,,,,,,,,,,,,,,,,,,,,,,,,,,,,,,,,,,,,,
,240,bajaja,1442667,,140,Kei üáØüáµ,1,,,,,,,,,,215,dnb,3,,,,,,,,,,,,,,,,,,,,,,,,,,,,,,,,,,,,,,,,,,,,,,,,
,241,Helaas Pindakaas,1432252,,140,x,1,,,,,,,,,,215,duud,3,,,,,,,,,,,,,,,,,,,,,,,,,,,,,,,,,,,,,,,,,,,,,,,,
,242,Corrupt Z (2not1),1414266,,140,Levi,1,,,,,,,,,,215,fe,3,,,,,,,,,,,,,,,,,,,,,,,,,,,,,,,,,,,,,,,,,,,,,,,,
,243,Cipher,1405929,,140,ÂàÄ,1,,,,,,,,,,215,je7,3,,,,,,,,,,,,,,,,,,,,,,,,,,,,,,,,,,,,,,,,,,,,,,,,
,244,LLL,1398203,,140,Hellitica,1,,,,,,,,,,215,qoh,3,,,,,,,,,,,,,,,,,,,,,,,,,,,,,,,,,,,,,,,,,,,,,,,,
,245,Hestefisk,1382579,,140,Trestoc,1,,,,,,,,,,215,the_retarted_platypus,3,,,,,,,,,,,,,,,,,,,,,,,,,,,,,,,,,,,,,,,,,,,,,,,,
,246,Colourful,1365739,,140,furrycry,1,,,,,,,,,,215,xahh,3,,,,,,,,,,,,,,,,,,,,,,,,,,,,,,,,,,,,,,,,,,,,,,,,
,247,qoh,1360007,,140,Mr. Cheese,1,,,,,,,,,,215,–∫'-—Çœâ-Dahyun,3,,,,,,,,,,,,,,,,,,,,,,,,,,,,,,,,,,,,,,,,,,,,,,,,
,248,$kulllord,1298937,,140,male,1,,,,,,,,,,248,(H‚ÇÆ)H‚ãÇ‚Ç¶‚ÇÆ‚àÑ∆¶,2,,,,,,,,,,,,,,,,,,,,,,,,,,,,,,,,,,,,,,,,,,,,,,,,
,249,M3GA,1275079,,140,xd,1,,,,,,,,,,248,*Sigh*,2,,,,,,,,,,,,,,,,,,,,,,,,,,,,,,,,,,,,,,,,,,,,,,,,
,250,mr haker yt,1250140,,140,chewy pies,1,,,,,,,,,,248,17th,2,,,,,,,,,,,,,,,,,,,,,,,,,,,,,,,,,,,,,,,,,,,,,,,,
,251,edamame„Å®„ÅÑ„Åµ‰∫∫,1235570,,140,DinhTung,1,,,,,,,,,,248,<-----,2,,,,,,,,,,,,,,,,,,,,,,,,,,,,,,,,,,,,,,,,,,,,,,,,
,252,Piee,1206935,,140,lamita,1,,,,,,,,,,248,<‚ùÇ> ùì™ùìµùì≤€∑ùìÆüåπ,2,,,,,,,,,,,,,,,,,,,,,,,,,,,,,,,,,,,,,,,,,,,,,,,,
,253,Spacebar,1162237,,140,Soul,1,,,,,,,,,,248,Ben,2,,,,,,,,,,,,,,,,,,,,,,,,,,,,,,,,,,,,,,,,,,,,,,,,
,254,Cybertrap,1149574,,140,edamame„Å®„ÅÑ„Åµ‰∫∫,1,,,,,,,,,,248,Break Your Limits,2,,,,,,,,,,,,,,,,,,,,,,,,,,,,,,,,,,,,,,,,,,,,,,,,
,255,Buddy_Dog,1128178,,140,Eternity,1,,,,,,,,,,248,Candy,2,,,,,,,,,,,,,,,,,,,,,,,,,,,,,,,,,,,,,,,,,,,,,,,,
,256,Alpha,1022568,,140,Buddy_Dog,1,,,,,,,,,,248,Clyde.,2,,,,,,,,,,,,,,,,,,,,,,,,,,,,,,,,,,,,,,,,,,,,,,,,
,,,,,,,,,,,,,,,,,248,CombineZ,2,,,,,,,,,,,,,,,,,,,,,,,,,,,,,,,,,,,,,,,,,,,,,,,,
,,,,,,,,,,,,,,,,,248,EMERSON,2,,,,,,,,,,,,,,,,,,,,,,,,,,,,,,,,,,,,,,,,,,,,,,,,
,,,,,,,,,,,,,,,,,248,Fencer,2,,,,,,,,,,,,,,,,,,,,,,,,,,,,,,,,,,,,,,,,,,,,,,,,
,,,,,,,,,,,,,,,,,248,Gizmic,2,,,,,,,,,,,,,,,,,,,,,,,,,,,,,,,,,,,,,,,,,,,,,,,,
,,,,,,,,,,,,,,,,,248,HMS Flying Sniper,2,,,,,,,,,,,,,,,,,,,,,,,,,,,,,,,,,,,,,,,,,,,,,,,,
,,,,,,,,,,,,,,,,,248,Hellitica,2,,,,,,,,,,,,,,,,,,,,,,,,,,,,,,,,,,,,,,,,,,,,,,,,
,,,,,,,,,,,,,,,,,248,HenWire,2,,,,,,,,,,,,,,,,,,,,,,,,,,,,,,,,,,,,,,,,,,,,,,,,
,,,,,,,,,,,,,,,,,248,Hydra,2,,,,,,,,,,,,,,,,,,,,,,,,,,,,,,,,,,,,,,,,,,,,,,,,
,,,,,,,,,,,,,,,,,248,JellySnk,2,,,,,,,,,,,,,,,,,,,,,,,,,,,,,,,,,,,,,,,,,,,,,,,,
,,,,,,,,,,,,,,,,,248,Jms,2,,,,,,,,,,,,,,,,,,,,,,,,,,,,,,,,,,,,,,,,,,,,,,,,
,,,,,,,,,,,,,,,,,248,Jugg,2,,,,,,,,,,,,,,,,,,,,,,,,,,,,,,,,,,,,,,,,,,,,,,,,
,,,,,,,,,,,,,,,,,248,KC,2,,,,,,,,,,,,,,,,,,,,,,,,,,,,,,,,,,,,,,,,,,,,,,,,
,,,,,,,,,,,,,,,,,248,Kuro Tenshi/UMP45,2,,,,,,,,,,,,,,,,,,,,,,,,,,,,,,,,,,,,,,,,,,,,,,,,
,,,,,,,,,,,,,,,,,248,Laru,2,,,,,,,,,,,,,,,,,,,,,,,,,,,,,,,,,,,,,,,,,,,,,,,,
,,,,,,,,,,,,,,,,,248,LeVitate,2,,,,,,,,,,,,,,,,,,,,,,,,,,,,,,,,,,,,,,,,,,,,,,,,
,,,,,,,,,,,,,,,,,248,New plan,2,,,,,,,,,,,,,,,,,,,,,,,,,,,,,,,,,,,,,,,,,,,,,,,,
,,,,,,,,,,,,,,,,,248,Nox,2,,,,,,,,,,,,,,,,,,,,,,,,,,,,,,,,,,,,,,,,,,,,,,,,
,,,,,,,,,,,,,,,,,248,Ocean,2,,,,,,,,,,,,,,,,,,,,,,,,,,,,,,,,,,,,,,,,,,,,,,,,
,,,,,,,,,,,,,,,,,248,PainÁóõ„Åø,2,,,,,,,,,,,,,,,,,,,,,,,,,,,,,,,,,,,,,,,,,,,,,,,,
,,,,,,,,,,,,,,,,,248,Philemon#2813,2,,,,,,,,,,,,,,,,,,,,,,,,,,,,,,,,,,,,,,,,,,,,,,,,
,,,,,,,,,,,,,,,,,248,RTD,2,,,,,,,,,,,,,,,,,,,,,,,,,,,,,,,,,,,,,,,,,,,,,,,,
,,,,,,,,,,,,,,,,,248,Rim,2,,,,,,,,,,,,,,,,,,,,,,,,,,,,,,,,,,,,,,,,,,,,,,,,
,,,,,,,,,,,,,,,,,248,Salt,2,,,,,,,,,,,,,,,,,,,,,,,,,,,,,,,,,,,,,,,,,,,,,,,,
,,,,,,,,,,,,,,,,,248,StormX,2,,,,,,,,,,,,,,,,,,,,,,,,,,,,,,,,,,,,,,,,,,,,,,,,
,,,,,,,,,,,,,,,,,248,Trastectic,2,,,,,,,,,,,,,,,,,,,,,,,,,,,,,,,,,,,,,,,,,,,,,,,,
,,,,,,,,,,,,,,,,,248,Typical Assassin,2,,,,,,,,,,,,,,,,,,,,,,,,,,,,,,,,,,,,,,,,,,,,,,,,
,,,,,,,,,,,,,,,,,248,a seal!,2,,,,,,,,,,,,,,,,,,,,,,,,,,,,,,,,,,,,,,,,,,,,,,,,
,,,,,,,,,,,,,,,,,248,bajaja,2,,,,,,,,,,,,,,,,,,,,,,,,,,,,,,,,,,,,,,,,,,,,,,,,
,,,,,,,,,,,,,,,,,248,breaking good,2,,,,,,,,,,,,,,,,,,,,,,,,,,,,,,,,,,,,,,,,,,,,,,,,
,,,,,,,,,,,,,,,,,248,chewy pies,2,,,,,,,,,,,,,,,,,,,,,,,,,,,,,,,,,,,,,,,,,,,,,,,,
,,,,,,,,,,,,,,,,,248,clamidia,2,,,,,,,,,,,,,,,,,,,,,,,,,,,,,,,,,,,,,,,,,,,,,,,,
,,,,,,,,,,,,,,,,,248,eiowr,2,,,,,,,,,,,,,,,,,,,,,,,,,,,,,,,,,,,,,,,,,,,,,,,,
,,,,,,,,,,,,,,,,,248,hexagone,2,,,,,,,,,,,,,,,,,,,,,,,,,,,,,,,,,,,,,,,,,,,,,,,,
,,,,,,,,,,,,,,,,,248,iJP TM,2,,,,,,,,,,,,,,,,,,,,,,,,,,,,,,,,,,,,,,,,,,,,,,,,
,,,,,,,,,,,,,,,,,248,iiceheart,2,,,,,,,,,,,,,,,,,,,,,,,,,,,,,,,,,,,,,,,,,,,,,,,,
,,,,,,,,,,,,,,,,,248,jaden,2,,,,,,,,,,,,,,,,,,,,,,,,,,,,,,,,,,,,,,,,,,,,,,,,
,,,,,,,,,,,,,,,,,248,literal cancer,2,,,,,,,,,,,,,,,,,,,,,,,,,,,,,,,,,,,,,,,,,,,,,,,,
,,,,,,,,,,,,,,,,,248,male,2,,,,,,,,,,,,,,,,,,,,,,,,,,,,,,,,,,,,,,,,,,,,,,,,
,,,,,,,,,,,,,,,,,248,mq,2,,,,,,,,,,,,,,,,,,,,,,,,,,,,,,,,,,,,,,,,,,,,,,,,
,,,,,,,,,,,,,,,,,248,noscore ,2,,,,,,,,,,,,,,,,,,,,,,,,,,,,,,,,,,,,,,,,,,,,,,,,
,,,,,,,,,,,,,,,,,248,spika,2,,,,,,,,,,,,,,,,,,,,,,,,,,,,,,,,,,,,,,,,,,,,,,,,
,,,,,,,,,,,,,,,,,248,xd,2,,,,,,,,,,,,,,,,,,,,,,,,,,,,,,,,,,,,,,,,,,,,,,,,
,,,,,,,,,,,,,,,,,248,xeno,2,,,,,,,,,,,,,,,,,,,,,,,,,,,,,,,,,,,,,,,,,,,,,,,,
,,,,,,,,,,,,,,,,,248,zoom!ü•Ä,2,,,,,,,,,,,,,,,,,,,,,,,,,,,,,,,,,,,,,,,,,,,,,,,,
,,,,,,,,,,,,,,,,,248,zx,2,,,,,,,,,,,,,,,,,,,,,,,,,,,,,,,,,,,,,,,,,,,,,,,,
,,,,,,,,,,,,,,,,,248,‚òÜ,2,,,,,,,,,,,,,,,,,,,,,,,,,,,,,,,,,,,,,,,,,,,,,,,,
,,,,,,,,,,,,,,,,,248,‚ô´Playful‚ô´,2,,,,,,,,,,,,,,,,,,,,,,,,,,,,,,,,,,,,,,,,,,,,,,,,
,,,,,,,,,,,,,,,,,248,‚öî Existenceüåô,2,,,,,,,,,,,,,,,,,,,,,,,,,,,,,,,,,,,,,,,,,,,,,,,,
,,,,,,,,,,,,,,,,,248,‚ö°ùïØùñóùñÜùñåùñîùñì‚ö°INDONESIA,2,,,,,,,,,,,,,,,,,,,,,,,,,,,,,,,,,,,,,,,,,,,,,,,,
,,,,,,,,,,,,,,,,,248,‚ú°Cursed‚ôö,2,,,,,,,,,,,,,,,,,,,,,,,,,,,,,,,,,,,,,,,,,,,,,,,,
,,,,,,,,,,,,,,,,,248,ÊÆ¥„Çã„Åó„Åã„Å™„ÅÑÈ°îÈù¢,2,,,,,,,,,,,,,,,,,,,,,,,,,,,,,,,,,,,,,,,,,,,,,,,,
,,,,,,,,,,,,,,,,,248,ùêî,2,,,,,,,,,,,,,,,,,,,,,,,,,,,,,,,,,,,,,,,,,,,,,,,,
,,,,,,,,,,,,,,,,,309, ‚òÜ,1,,,,,,,,,,,,,,,,,,,,,,,,,,,,,,,,,,,,,,,,,,,,,,,,
,,,,,,,,,,,,,,,,,309, ‚ò† ü·¥Ä…¢ –º·¥Äs—Ç·¥á Ä‚ò†,1,,,,,,,,,,,,,,,,,,,,,,,,,,,,,,,,,,,,,,,,,,,,,,,,
,,,,,,,,,,,,,,,,,309, üå∑|retnuH,1,,,,,,,,,,,,,,,,,,,,,,,,,,,,,,,,,,,,,,,,,,,,,,,,
,,,,,,,,,,,,,,,,,309,!,1,,,,,,,,,,,,,,,,,,,,,,,,,,,,,,,,,,,,,,,,,,,,,,,,
,,,,,,,,,,,,,,,,,309,6ixth_Sense,1,,,,,,,,,,,,,,,,,,,,,,,,,,,,,,,,,,,,,,,,,,,,,,,,
,,,,,,,,,,,,,,,,,309,909Degeli,1,,,,,,,,,,,,,,,,,,,,,,,,,,,,,,,,,,,,,,,,,,,,,,,,
,,,,,,,,,,,,,,,,,309,<‚ùÇ> ‡πñ€£€úIs Me Kid /·ê†ÔΩ°ÍûàÔΩ°·êü\,1,,,,,,,,,,,,,,,,,,,,,,,,,,,,,,,,,,,,,,,,,,,,,,,,
,,,,,,,,,,,,,,,,,309,>_<#4554,1,,,,,,,,,,,,,,,,,,,,,,,,,,,,,,,,,,,,,,,,,,,,,,,,
,,,,,,,,,,,,,,,,,309,A Samurai,1,,,,,,,,,,,,,,,,,,,,,,,,,,,,,,,,,,,,,,,,,,,,,,,,
,,,,,,,,,,,,,,,,,309,Abz√ª,1,,,,,,,,,,,,,,,,,,,,,,,,,,,,,,,,,,,,,,,,,,,,,,,,
,,,,,,,,,,,,,,,,,309,Alif (ÿ£ŸÑŸÅ)üå∑,1,,,,,,,,,,,,,,,,,,,,,,,,,,,,,,,,,,,,,,,,,,,,,,,,
,,,,,,,,,,,,,,,,,309,Alph,1,,,,,,,,,,,,,,,,,,,,,,,,,,,,,,,,,,,,,,,,,,,,,,,,
,,,,,,,,,,,,,,,,,309,Andycito123,1,,,,,,,,,,,,,,,,,,,,,,,,,,,,,,,,,,,,,,,,,,,,,,,,
,,,,,,,,,,,,,,,,,309,Anime,1,,,,,,,,,,,,,,,,,,,,,,,,,,,,,,,,,,,,,,,,,,,,,,,,
,,,,,,,,,,,,,,,,,309,Anonymous Submitter,1,,,,,,,,,,,,,,,,,,,,,,,,,,,,,,,,,,,,,,,,,,,,,,,,
,,,,,,,,,,,,,,,,,309,Armin Play YT ,1,,,,,,,,,,,,,,,,,,,,,,,,,,,,,,,,,,,,,,,,,,,,,,,,
,,,,,,,,,,,,,,,,,309,Artanis,1,,,,,,,,,,,,,,,,,,,,,,,,,,,,,,,,,,,,,,,,,,,,,,,,
,,,,,,,,,,,,,,,,,309,AsianloliGirsAreHot,1,,,,,,,,,,,,,,,,,,,,,,,,,,,,,,,,,,,,,,,,,,,,,,,,
,,,,,,,,,,,,,,,,,309,Asriel,1,,,,,,,,,,,,,,,,,,,,,,,,,,,,,,,,,,,,,,,,,,,,,,,,
,,,,,,,,,,,,,,,,,309,Azap,1,,,,,,,,,,,,,,,,,,,,,,,,,,,,,,,,,,,,,,,,,,,,,,,,
,,,,,,,,,,,,,,,,,309,BHü•ïBunny Hop!,1,,,,,,,,,,,,,,,,,,,,,,,,,,,,,,,,,,,,,,,,,,,,,,,,
,,,,,,,,,,,,,,,,,309,Bad Octo,1,,,,,,,,,,,,,,,,,,,,,,,,,,,,,,,,,,,,,,,,,,,,,,,,
,,,,,,,,,,,,,,,,,309,Beyo,1,,,,,,,,,,,,,,,,,,,,,,,,,,,,,,,,,,,,,,,,,,,,,,,,
,,,,,,,,,,,,,,,,,309,ByEkc ,1,,,,,,,,,,,,,,,,,,,,,,,,,,,,,,,,,,,,,,,,,,,,,,,,
,,,,,,,,,,,,,,,,,309,Certz,1,,,,,,,,,,,,,,,,,,,,,,,,,,,,,,,,,,,,,,,,,,,,,,,,
,,,,,,,,,,,,,,,,,309,Cesire,1,,,,,,,,,,,,,,,,,,,,,,,,,,,,,,,,,,,,,,,,,,,,,,,,
,,,,,,,,,,,,,,,,,309,Cipher,1,,,,,,,,,,,,,,,,,,,,,,,,,,,,,,,,,,,,,,,,,,,,,,,,
,,,,,,,,,,,,,,,,,309,CongratsIsTrash,1,,,,,,,,,,,,,,,,,,,,,,,,,,,,,,,,,,,,,,,,,,,,,,,,
,,,,,,,,,,,,,,,,,309,Core,1,,,,,,,,,,,,,,,,,,,,,,,,,,,,,,,,,,,,,,,,,,,,,,,,
,,,,,,,,,,,,,,,,,309,Crystal,1,,,,,,,,,,,,,,,,,,,,,,,,,,,,,,,,,,,,,,,,,,,,,,,,
,,,,,,,,,,,,,,,,,309,Curt,1,,,,,,,,,,,,,,,,,,,,,,,,,,,,,,,,,,,,,,,,,,,,,,,,
,,,,,,,,,,,,,,,,,309,Danger 2,1,,,,,,,,,,,,,,,,,,,,,,,,,,,,,,,,,,,,,,,,,,,,,,,,
,,,,,,,,,,,,,,,,,309,DeadLord,1,,,,,,,,,,,,,,,,,,,,,,,,,,,,,,,,,,,,,,,,,,,,,,,,
,,,,,,,,,,,,,,,,,309,Dev_Bs,1,,,,,,,,,,,,,,,,,,,,,,,,,,,,,,,,,,,,,,,,,,,,,,,,
,,,,,,,,,,,,,,,,,309,Exist‚àû ‚ù¶,1,,,,,,,,,,,,,,,,,,,,,,,,,,,,,,,,,,,,,,,,,,,,,,,,
,,,,,,,,,,,,,,,,,309,FencerAzai,1,,,,,,,,,,,,,,,,,,,,,,,,,,,,,,,,,,,,,,,,,,,,,,,,
,,,,,,,,,,,,,,,,,309,Fiffyfly,1,,,,,,,,,,,,,,,,,,,,,,,,,,,,,,,,,,,,,,,,,,,,,,,,
,,,,,,,,,,,,,,,,,309,Forever,1,,,,,,,,,,,,,,,,,,,,,,,,,,,,,,,,,,,,,,,,,,,,,,,,
,,,,,,,,,,,,,,,,,309,Frank,1,,,,,,,,,,,,,,,,,,,,,,,,,,,,,,,,,,,,,,,,,,,,,,,,
,,,,,,,,,,,,,,,,,309,FunPlayer05,1,,,,,,,,,,,,,,,,,,,,,,,,,,,,,,,,,,,,,,,,,,,,,,,,
,,,,,,,,,,,,,,,,,309,Fuze,1,,,,,,,,,,,,,,,,,,,,,,,,,,,,,,,,,,,,,,,,,,,,,,,,
,,,,,,,,,,,,,,,,,309,Grape Milk [üáØüáµ],1,,,,,,,,,,,,,,,,,,,,,,,,,,,,,,,,,,,,,,,,,,,,,,,,
,,,,,,,,,,,,,,,,,309,GuyWithLag,1,,,,,,,,,,,,,,,,,,,,,,,,,,,,,,,,,,,,,,,,,,,,,,,,
,,,,,,,,,,,,,,,,,309,Hardmid.,1,,,,,,,,,,,,,,,,,,,,,,,,,,,,,,,,,,,,,,,,,,,,,,,,
,,,,,,,,,,,,,,,,,309,Haydyfootball,1,,,,,,,,,,,,,,,,,,,,,,,,,,,,,,,,,,,,,,,,,,,,,,,,
,,,,,,,,,,,,,,,,,309,Helaas Pindakaas,1,,,,,,,,,,,,,,,,,,,,,,,,,,,,,,,,,,,,,,,,,,,,,,,,
,,,,,,,,,,,,,,,,,309,HiYouHavePolio,1,,,,,,,,,,,,,,,,,,,,,,,,,,,,,,,,,,,,,,,,,,,,,,,,
,,,,,,,,,,,,,,,,,309,Honey,1,,,,,,,,,,,,,,,,,,,,,,,,,,,,,,,,,,,,,,,,,,,,,,,,
,,,,,,,,,,,,,,,,,309,Hushed,1,,,,,,,,,,,,,,,,,,,,,,,,,,,,,,,,,,,,,,,,,,,,,,,,
,,,,,,,,,,,,,,,,,309,I REAL NOOB ( VN),1,,,,,,,,,,,,,,,,,,,,,,,,,,,,,,,,,,,,,,,,,,,,,,,,
,,,,,,,,,,,,,,,,,309,I ma gay dssf,1,,,,,,,,,,,,,,,,,,,,,,,,,,,,,,,,,,,,,,,,,,,,,,,,
,,,,,,,,,,,,,,,,,309,Ikashi/Kakashi,1,,,,,,,,,,,,,,,,,,,,,,,,,,,,,,,,,,,,,,,,,,,,,,,,
,,,,,,,,,,,,,,,,,309,JB Colombia,1,,,,,,,,,,,,,,,,,,,,,,,,,,,,,,,,,,,,,,,,,,,,,,,,
,,,,,,,,,,,,,,,,,309,JJAPasco,1,,,,,,,,,,,,,,,,,,,,,,,,,,,,,,,,,,,,,,,,,,,,,,,,
,,,,,,,,,,,,,,,,,309,JPT,1,,,,,,,,,,,,,,,,,,,,,,,,,,,,,,,,,,,,,,,,,,,,,,,,
,,,,,,,,,,,,,,,,,309,Jazoo,1,,,,,,,,,,,,,,,,,,,,,,,,,,,,,,,,,,,,,,,,,,,,,,,,
,,,,,,,,,,,,,,,,,309,Jormie,1,,,,,,,,,,,,,,,,,,,,,,,,,,,,,,,,,,,,,,,,,,,,,,,,
,,,,,,,,,,,,,,,,,309,JustAThought,1,,,,,,,,,,,,,,,,,,,,,,,,,,,,,,,,,,,,,,,,,,,,,,,,
,,,,,,,,,,,,,,,,,309,KR Lime Lemon,1,,,,,,,,,,,,,,,,,,,,,,,,,,,,,,,,,,,,,,,,,,,,,,,,
,,,,,,,,,,,,,,,,,309,Karl Marx,1,,,,,,,,,,,,,,,,,,,,,,,,,,,,,,,,,,,,,,,,,,,,,,,,
,,,,,,,,,,,,,,,,,309,Kei Êó•Êú¨,1,,,,,,,,,,,,,,,,,,,,,,,,,,,,,,,,,,,,,,,,,,,,,,,,
,,,,,,,,,,,,,,,,,309,LIVE DOT STREAM,1,,,,,,,,,,,,,,,,,,,,,,,,,,,,,,,,,,,,,,,,,,,,,,,,
,,,,,,,,,,,,,,,,,309,LMFAO RETARD!,1,,,,,,,,,,,,,,,,,,,,,,,,,,,,,,,,,,,,,,,,,,,,,,,,
,,,,,,,,,,,,,,,,,309,LOLOLO,1,,,,,,,,,,,,,,,,,,,,,,,,,,,,,,,,,,,,,,,,,,,,,,,,
,,,,,,,,,,,,,,,,,309,La Iberias/OM GOSH,1,,,,,,,,,,,,,,,,,,,,,,,,,,,,,,,,,,,,,,,,,,,,,,,,
,,,,,,,,,,,,,,,,,309,"Lag, I Dont Play",1,,,,,,,,,,,,,,,,,,,,,,,,,,,,,,,,,,,,,,,,,,,,,,,,
,,,,,,,,,,,,,,,,,309,Legit Developer,1,,,,,,,,,,,,,,,,,,,,,,,,,,,,,,,,,,,,,,,,,,,,,,,,
,,,,,,,,,,,,,,,,,309,Levi,1,,,,,,,,,,,,,,,,,,,,,,,,,,,,,,,,,,,,,,,,,,,,,,,,
,,,,,,,,,,,,,,,,,309,Lowkey,1,,,,,,,,,,,,,,,,,,,,,,,,,,,,,,,,,,,,,,,,,,,,,,,,
,,,,,,,,,,,,,,,,,309,Merry_Harry,1,,,,,,,,,,,,,,,,,,,,,,,,,,,,,,,,,,,,,,,,,,,,,,,,
,,,,,,,,,,,,,,,,,309,Moral X,1,,,,,,,,,,,,,,,,,,,,,,,,,,,,,,,,,,,,,,,,,,,,,,,,
,,,,,,,,,,,,,,,,,309,Mr. Cheese,1,,,,,,,,,,,,,,,,,,,,,,,,,,,,,,,,,,,,,,,,,,,,,,,,
,,,,,,,,,,,,,,,,,309,Mr. Farmz,1,,,,,,,,,,,,,,,,,,,,,,,,,,,,,,,,,,,,,,,,,,,,,,,,
,,,,,,,,,,,,,,,,,309,Muhammed',1,,,,,,,,,,,,,,,,,,,,,,,,,,,,,,,,,,,,,,,,,,,,,,,,
,,,,,,,,,,,,,,,,,309,Mys,1,,,,,,,,,,,,,,,,,,,,,,,,,,,,,,,,,,,,,,,,,,,,,,,,
,,,,,,,,,,,,,,,,,309,Mystic-,1,,,,,,,,,,,,,,,,,,,,,,,,,,,,,,,,,,,,,,,,,,,,,,,,
,,,,,,,,,,,,,,,,,309,NoMercy,1,,,,,,,,,,,,,,,,,,,,,,,,,,,,,,,,,,,,,,,,,,,,,,,,
,,,,,,,,,,,,,,,,,309,NoName,1,,,,,,,,,,,,,,,,,,,,,,,,,,,,,,,,,,,,,,,,,,,,,,,,
,,,,,,,,,,,,,,,,,309,NoT_FaZeD,1,,,,,,,,,,,,,,,,,,,,,,,,,,,,,,,,,,,,,,,,,,,,,,,,
,,,,,,,,,,,,,,,,,309,North,1,,,,,,,,,,,,,,,,,,,,,,,,,,,,,,,,,,,,,,,,,,,,,,,,
,,,,,,,,,,,,,,,,,309,Not Allowed,1,,,,,,,,,,,,,,,,,,,,,,,,,,,,,,,,,,,,,,,,,,,,,,,,
,,,,,,,,,,,,,,,,,309,OBSERVER,1,,,,,,,,,,,,,,,,,,,,,,,,,,,,,,,,,,,,,,,,,,,,,,,,
,,,,,,,,,,,,,,,,,309,Orange Creamsicle,1,,,,,,,,,,,,,,,,,,,,,,,,,,,,,,,,,,,,,,,,,,,,,,,,
,,,,,,,,,,,,,,,,,309,Oue,1,,,,,,,,,,,,,,,,,,,,,,,,,,,,,,,,,,,,,,,,,,,,,,,,
,,,,,,,,,,,,,,,,,309,PAndaRim,1,,,,,,,,,,,,,,,,,,,,,,,,,,,,,,,,,,,,,,,,,,,,,,,,
,,,,,,,,,,,,,,,,,309,Phoenix,1,,,,,,,,,,,,,,,,,,,,,,,,,,,,,,,,,,,,,,,,,,,,,,,,
,,,,,,,,,,,,,,,,,309,Plasmapichu,1,,,,,,,,,,,,,,,,,,,,,,,,,,,,,,,,,,,,,,,,,,,,,,,,
,,,,,,,,,,,,,,,,,309,PrOTeCh,1,,,,,,,,,,,,,,,,,,,,,,,,,,,,,,,,,,,,,,,,,,,,,,,,
,,,,,,,,,,,,,,,,,309,Puffins,1,,,,,,,,,,,,,,,,,,,,,,,,,,,,,,,,,,,,,,,,,,,,,,,,
,,,,,,,,,,,,,,,,,309,RLvG289 ,1,,,,,,,,,,,,,,,,,,,,,,,,,,,,,,,,,,,,,,,,,,,,,,,,
,,,,,,,,,,,,,,,,,309,RS3 99 Woodcutting,1,,,,,,,,,,,,,,,,,,,,,,,,,,,,,,,,,,,,,,,,,,,,,,,,
,,,,,,,,,,,,,,,,,309,Ready Player One,1,,,,,,,,,,,,,,,,,,,,,,,,,,,,,,,,,,,,,,,,,,,,,,,,
,,,,,,,,,,,,,,,,,309,Rek ,1,,,,,,,,,,,,,,,,,,,,,,,,,,,,,,,,,,,,,,,,,,,,,,,,
,,,,,,,,,,,,,,,,,309,SKyTarii,1,,,,,,,,,,,,,,,,,,,,,,,,,,,,,,,,,,,,,,,,,,,,,,,,
,,,,,,,,,,,,,,,,,309,SS 69,1,,,,,,,,,,,,,,,,,,,,,,,,,,,,,,,,,,,,,,,,,,,,,,,,
,,,,,,,,,,,,,,,,,309,SaikouÊúÄÈ´ò,1,,,,,,,,,,,,,,,,,,,,,,,,,,,,,,,,,,,,,,,,,,,,,,,,
,,,,,,,,,,,,,,,,,309,Server Dominated,1,,,,,,,,,,,,,,,,,,,,,,,,,,,,,,,,,,,,,,,,,,,,,,,,
,,,,,,,,,,,,,,,,,309,Shadowstalker,1,,,,,,,,,,,,,,,,,,,,,,,,,,,,,,,,,,,,,,,,,,,,,,,,
,,,,,,,,,,,,,,,,,309,Sigma,1,,,,,,,,,,,,,,,,,,,,,,,,,,,,,,,,,,,,,,,,,,,,,,,,
,,,,,,,,,,,,,,,,,309,Skirtati,1,,,,,,,,,,,,,,,,,,,,,,,,,,,,,,,,,,,,,,,,,,,,,,,,
,,,,,,,,,,,,,,,,,309,Sky X,1,,,,,,,,,,,,,,,,,,,,,,,,,,,,,,,,,,,,,,,,,,,,,,,,
,,,,,,,,,,,,,,,,,309,Soma White ·É¶,1,,,,,,,,,,,,,,,,,,,,,,,,,,,,,,,,,,,,,,,,,,,,,,,,
,,,,,,,,,,,,,,,,,309,Soog,1,,,,,,,,,,,,,,,,,,,,,,,,,,,,,,,,,,,,,,,,,,,,,,,,
,,,,,,,,,,,,,,,,,309,Soul,1,,,,,,,,,,,,,,,,,,,,,,,,,,,,,,,,,,,,,,,,,,,,,,,,
,,,,,,,,,,,,,,,,,309,Sphere,1,,,,,,,,,,,,,,,,,,,,,,,,,,,,,,,,,,,,,,,,,,,,,,,,
,,,,,,,,,,,,,,,,,309,TOPazüíé,1,,,,,,,,,,,,,,,,,,,,,,,,,,,,,,,,,,,,,,,,,,,,,,,,
,,,,,,,,,,,,,,,,,309,TURBO,1,,,,,,,,,,,,,,,,,,,,,,,,,,,,,,,,,,,,,,,,,,,,,,,,
,,,,,,,,,,,,,,,,,309,Tetzyu ,1,,,,,,,,,,,,,,,,,,,,,,,,,,,,,,,,,,,,,,,,,,,,,,,,
,,,,,,,,,,,,,,,,,309,TheKingKiwi,1,,,,,,,,,,,,,,,,,,,,,,,,,,,,,,,,,,,,,,,,,,,,,,,,
,,,,,,,,,,,,,,,,,309,ThiCraft,1,,,,,,,,,,,,,,,,,,,,,,,,,,,,,,,,,,,,,,,,,,,,,,,,
,,,,,,,,,,,,,,,,,309,Thonk,1,,,,,,,,,,,,,,,,,,,,,,,,,,,,,,,,,,,,,,,,,,,,,,,,
,,,,,,,,,,,,,,,,,309,Tofu,1,,,,,,,,,,,,,,,,,,,,,,,,,,,,,,,,,,,,,,,,,,,,,,,,
,,,,,,,,,,,,,,,,,309,Tommy ,1,,,,,,,,,,,,,,,,,,,,,,,,,,,,,,,,,,,,,,,,,,,,,,,,
,,,,,,,,,,,,,,,,,309,Trestoc,1,,,,,,,,,,,,,,,,,,,,,,,,,,,,,,,,,,,,,,,,,,,,,,,,
,,,,,,,,,,,,,,,,,309,Unknown,1,,,,,,,,,,,,,,,,,,,,,,,,,,,,,,,,,,,,,,,,,,,,,,,,
,,,,,,,,,,,,,,,,,309,Unknown Commander,1,,,,,,,,,,,,,,,,,,,,,,,,,,,,,,,,,,,,,,,,,,,,,,,,
,,,,,,,,,,,,,,,,,309,Valkyrie üå†,1,,,,,,,,,,,,,,,,,,,,,,,,,,,,,,,,,,,,,,,,,,,,,,,,
,,,,,,,,,,,,,,,,,309,VapTine YT,1,,,,,,,,,,,,,,,,,,,,,,,,,,,,,,,,,,,,,,,,,,,,,,,,
,,,,,,,,,,,,,,,,,309,Why no gulp gulp 300,1,,,,,,,,,,,,,,,,,,,,,,,,,,,,,,,,,,,,,,,,,,,,,,,,
,,,,,,,,,,,,,,,,,309,XYZ,1,,,,,,,,,,,,,,,,,,,,,,,,,,,,,,,,,,,,,,,,,,,,,,,,
,,,,,,,,,,,,,,,,,309,YT AdvancedMine,1,,,,,,,,,,,,,,,,,,,,,,,,,,,,,,,,,,,,,,,,,,,,,,,,
,,,,,,,,,,,,,,,,,309,ZookinG,1,,,,,,,,,,,,,,,,,,,,,,,,,,,,,,,,,,,,,,,,,,,,,,,,
,,,,,,,,,,,,,,,,,309,[BS]^\DEV/^,1,,,,,,,,,,,,,,,,,,,,,,,,,,,,,,,,,,,,,,,,,,,,,,,,
,,,,,,,,,,,,,,,,,309,[F-22] j0ey :+V,1,,,,,,,,,,,,,,,,,,,,,,,,,,,,,,,,,,,,,,,,,,,,,,,,
,,,,,,,,,,,,,,,,,309,[KQL],1,,,,,,,,,,,,,,,,,,,,,,,,,,,,,,,,,,,,,,,,,,,,,,,,
,,,,,,,,,,,,,,,,,309,[LG] Little Guy,1,,,,,,,,,,,,,,,,,,,,,,,,,,,,,,,,,,,,,,,,,,,,,,,,
,,,,,,,,,,,,,,,,,309,[User164564785684736945],1,,,,,,,,,,,,,,,,,,,,,,,,,,,,,,,,,,,,,,,,,,,,,,,,
,,,,,,,,,,,,,,,,,309,[VN]Need friend,1,,,,,,,,,,,,,,,,,,,,,,,,,,,,,,,,,,,,,,,,,,,,,,,,
,,,,,,,,,,,,,,,,,309,[‚Ñ±»ï‚Ç™] im noob ,1,,,,,,,,,,,,,,,,,,,,,,,,,,,,,,,,,,,,,,,,,,,,,,,,
,,,,,,,,,,,,,,,,,309,[ü©∏] G—î—ÇzŒπŒ±,1,,,,,,,,,,,,,,,,,,,,,,,,,,,,,,,,,,,,,,,,,,,,,,,,
,,,,,,,,,,,,,,,,,309,aisa ,1,,,,,,,,,,,,,,,,,,,,,,,,,,,,,,,,,,,,,,,,,,,,,,,,
,,,,,,,,,,,,,,,,,309,apple pizza,1,,,,,,,,,,,,,,,,,,,,,,,,,,,,,,,,,,,,,,,,,,,,,,,,
,,,,,,,,,,,,,,,,,309,beside,1,,,,,,,,,,,,,,,,,,,,,,,,,,,,,,,,,,,,,,,,,,,,,,,,
,,,,,,,,,,,,,,,,,309,bruhski,1,,,,,,,,,,,,,,,,,,,,,,,,,,,,,,,,,,,,,,,,,,,,,,,,
,,,,,,,,,,,,,,,,,309,bubble,1,,,,,,,,,,,,,,,,,,,,,,,,,,,,,,,,,,,,,,,,,,,,,,,,
,,,,,,,,,,,,,,,,,309,counter,1,,,,,,,,,,,,,,,,,,,,,,,,,,,,,,,,,,,,,,,,,,,,,,,,
,,,,,,,,,,,,,,,,,309,dededio,1,,,,,,,,,,,,,,,,,,,,,,,,,,,,,,,,,,,,,,,,,,,,,,,,
,,,,,,,,,,,,,,,,,309,deepfreeze,1,,,,,,,,,,,,,,,,,,,,,,,,,,,,,,,,,,,,,,,,,,,,,,,,
,,,,,,,,,,,,,,,,,309,flamB,1,,,,,,,,,,,,,,,,,,,,,,,,,,,,,,,,,,,,,,,,,,,,,,,,
,,,,,,,,,,,,,,,,,309,for asd,1,,,,,,,,,,,,,,,,,,,,,,,,,,,,,,,,,,,,,,,,,,,,,,,,
,,,,,,,,,,,,,,,,,309,geometrically dominated,1,,,,,,,,,,,,,,,,,,,,,,,,,,,,,,,,,,,,,,,,,,,,,,,,
,,,,,,,,,,,,,,,,,309,hewo,1,,,,,,,,,,,,,,,,,,,,,,,,,,,,,,,,,,,,,,,,,,,,,,,,
,,,,,,,,,,,,,,,,,309,hiyo154,1,,,,,,,,,,,,,,,,,,,,,,,,,,,,,,,,,,,,,,,,,,,,,,,,
,,,,,,,,,,,,,,,,,309,im noob,1,,,,,,,,,,,,,,,,,,,,,,,,,,,,,,,,,,,,,,,,,,,,,,,,
,,,,,,,,,,,,,,,,,309,incog darky,1,,,,,,,,,,,,,,,,,,,,,,,,,,,,,,,,,,,,,,,,,,,,,,,,
,,,,,,,,,,,,,,,,,309,jhose aka rev,1,,,,,,,,,,,,,,,,,,,,,,,,,,,,,,,,,,,,,,,,,,,,,,,,
,,,,,,,,,,,,,,,,,309,lTorenn,1,,,,,,,,,,,,,,,,,,,,,,,,,,,,,,,,,,,,,,,,,,,,,,,,
,,,,,,,,,,,,,,,,,309,lifey,1,,,,,,,,,,,,,,,,,,,,,,,,,,,,,,,,,,,,,,,,,,,,,,,,
,,,,,,,,,,,,,,,,,309,little habib 360,1,,,,,,,,,,,,,,,,,,,,,,,,,,,,,,,,,,,,,,,,,,,,,,,,
,,,,,,,,,,,,,,,,,309,"living, breathing organism",1,,,,,,,,,,,,,,,,,,,,,,,,,,,,,,,,,,,,,,,,,,,,,,,,
,,,,,,,,,,,,,,,,,309,lol,1,,,,,,,,,,,,,,,,,,,,,,,,,,,,,,,,,,,,,,,,,,,,,,,,
,,,,,,,,,,,,,,,,,309,long vn :D,1,,,,,,,,,,,,,,,,,,,,,,,,,,,,,,,,,,,,,,,,,,,,,,,,
,,,,,,,,,,,,,,,,,309,lou,1,,,,,,,,,,,,,,,,,,,,,,,,,,,,,,,,,,,,,,,,,,,,,,,,
,,,,,,,,,,,,,,,,,309,mental,1,,,,,,,,,,,,,,,,,,,,,,,,,,,,,,,,,,,,,,,,,,,,,,,,
,,,,,,,,,,,,,,,,,309,moouse,1,,,,,,,,,,,,,,,,,,,,,,,,,,,,,,,,,,,,,,,,,,,,,,,,
,,,,,,,,,,,,,,,,,309,more,1,,,,,,,,,,,,,,,,,,,,,,,,,,,,,,,,,,,,,,,,,,,,,,,,
,,,,,,,,,,,,,,,,,309,nimdac,1,,,,,,,,,,,,,,,,,,,,,,,,,,,,,,,,,,,,,,,,,,,,,,,,
,,,,,,,,,,,,,,,,,309,no go,1,,,,,,,,,,,,,,,,,,,,,,,,,,,,,,,,,,,,,,,,,,,,,,,,
,,,,,,,,,,,,,,,,,309,no mouse,1,,,,,,,,,,,,,,,,,,,,,,,,,,,,,,,,,,,,,,,,,,,,,,,,
,,,,,,,,,,,,,,,,,309,northwest ordinance of 1787,1,,,,,,,,,,,,,,,,,,,,,,,,,,,,,,,,,,,,,,,,,,,,,,,,
,,,,,,,,,,,,,,,,,309,peebis,1,,,,,,,,,,,,,,,,,,,,,,,,,,,,,,,,,,,,,,,,,,,,,,,,
,,,,,,,,,,,,,,,,,309,player,1,,,,,,,,,,,,,,,,,,,,,,,,,,,,,,,,,,,,,,,,,,,,,,,,
,,,,,,,,,,,,,,,,,309,potato shooter,1,,,,,,,,,,,,,,,,,,,,,,,,,,,,,,,,,,,,,,,,,,,,,,,,
,,,,,,,,,,,,,,,,,309,pussy,1,,,,,,,,,,,,,,,,,,,,,,,,,,,,,,,,,,,,,,,,,,,,,,,,
,,,,,,,,,,,,,,,,,309,raphael,1,,,,,,,,,,,,,,,,,,,,,,,,,,,,,,,,,,,,,,,,,,,,,,,,
,,,,,,,,,,,,,,,,,309,real,1,,,,,,,,,,,,,,,,,,,,,,,,,,,,,,,,,,,,,,,,,,,,,,,,
,,,,,,,,,,,,,,,,,309,rock.,1,,,,,,,,,,,,,,,,,,,,,,,,,,,,,,,,,,,,,,,,,,,,,,,,
,,,,,,,,,,,,,,,,,309,sapphire_ly,1,,,,,,,,,,,,,,,,,,,,,,,,,,,,,,,,,,,,,,,,,,,,,,,,
,,,,,,,,,,,,,,,,,309,sensen100,1,,,,,,,,,,,,,,,,,,,,,,,,,,,,,,,,,,,,,,,,,,,,,,,,
,,,,,,,,,,,,,,,,,309,si,1,,,,,,,,,,,,,,,,,,,,,,,,,,,,,,,,,,,,,,,,,,,,,,,,
,,,,,,,,,,,,,,,,,309,skVoyager,1,,,,,,,,,,,,,,,,,,,,,,,,,,,,,,,,,,,,,,,,,,,,,,,,
,,,,,,,,,,,,,,,,,309,snip3rm4n,1,,,,,,,,,,,,,,,,,,,,,,,,,,,,,,,,,,,,,,,,,,,,,,,,
,,,,,,,,,,,,,,,,,309,someone :),1,,,,,,,,,,,,,,,,,,,,,,,,,,,,,,,,,,,,,,,,,,,,,,,,
,,,,,,,,,,,,,,,,,309,stingray77,1,,,,,,,,,,,,,,,,,,,,,,,,,,,,,,,,,,,,,,,,,,,,,,,,
,,,,,,,,,,,,,,,,,309,syd para,1,,,,,,,,,,,,,,,,,,,,,,,,,,,,,,,,,,,,,,,,,,,,,,,,
,,,,,,,,,,,,,,,,,309,symptoms of gayness,1,,,,,,,,,,,,,,,,,,,,,,,,,,,,,,,,,,,,,,,,,,,,,,,,
,,,,,,,,,,,,,,,,,309,thonk,1,,,,,,,,,,,,,,,,,,,,,,,,,,,,,,,,,,,,,,,,,,,,,,,,
,,,,,,,,,,,,,,,,,309,toph,1,,,,,,,,,,,,,,,,,,,,,,,,,,,,,,,,,,,,,,,,,,,,,,,,
,,,,,,,,,,,,,,,,,309,true comrade ‚ò≠,1,,,,,,,,,,,,,,,,,,,,,,,,,,,,,,,,,,,,,,,,,,,,,,,,
,,,,,,,,,,,,,,,,,309,u/DaGreenball,1,,,,,,,,,,,,,,,,,,,,,,,,,,,,,,,,,,,,,,,,,,,,,,,,
,,,,,,,,,,,,,,,,,309,who needs data (i do),1,,,,,,,,,,,,,,,,,,,,,,,,,,,,,,,,,,,,,,,,,,,,,,,,
,,,,,,,,,,,,,,,,,309,who needs fighters,1,,,,,,,,,,,,,,,,,,,,,,,,,,,,,,,,,,,,,,,,,,,,,,,,
,,,,,,,,,,,,,,,,,309,z,1,,,,,,,,,,,,,,,,,,,,,,,,,,,,,,,,,,,,,,,,,,,,,,,,
,,,,,,,,,,,,,,,,,309,—É–Ω–∏—á—Ç–æ–∂–∞—Ç—å,1,,,,,,,,,,,,,,,,,,,,,,,,,,,,,,,,,,,,,,,,,,,,,,,,
,,,,,,,,,,,,,,,,,309,·µõÃ∑ÃàÃêÃíÕâ·µñÃ¥ÃöÃΩÕòÕÜÃôÃ∫·µ†Ã∑ÃêÃïÃàÃõÃ∫ÃÆÃ≤Ã™,1,,,,,,,,,,,,,,,,,,,,,,,,,,,,,,,,,,,,,,,,,,,,,,,,
,,,,,,,,,,,,,,,,,309,‚Ñ≥emory,1,,,,,,,,,,,,,,,,,,,,,,,,,,,,,,,,,,,,,,,,,,,,,,,,
,,,,,,,,,,,,,,,,,309,‚ó£“í»Ω‚Ç≥ŒúŒ£Œ≤‚ó•,1,,,,,,,,,,,,,,,,,,,,,,,,,,,,,,,,,,,,,,,,,,,,,,,,
,,,,,,,,,,,,,,,,,309,‚òØDark Karma„ÉÑ,1,,,,,,,,,,,,,,,,,,,,,,,,,,,,,,,,,,,,,,,,,,,,,,,,
,,,,,,,,,,,,,,,,,309,‚ô°…¢·¥Ä·¥ç·¥á·¥è·¥†·¥á Ä‚ô°,1,,,,,,,,,,,,,,,,,,,,,,,,,,,,,,,,,,,,,,,,,,,,,,,,
,,,,,,,,,,,,,,,,,309,‚ù¶ùì¶ùì≤ùìºùì±ùìÆùìº‚ù£,1,,,,,,,,,,,,,,,,,,,,,,,,,,,,,,,,,,,,,,,,,,,,,,,,
,,,,,,,,,,,,,,,,,309,„Åê„Çç„Éº„Åô,1,,,,,,,,,,,,,,,,,,,,,,,,,,,,,,,,,,,,,,,,,,,,,,,,
,,,,,,,,,,,,,,,,,309,„Å≠„Åì„Åç„Çì,1,,,,,,,,,,,,,,,,,,,,,,,,,,,,,,,,,,,,,,,,,,,,,,,,
,,,,,,,,,,,,,,,,,309,ÂàÄ,1,,,,,,,,,,,,,,,,,,,,,,,,,,,,,,,,,,,,,,,,,,,,,,,,
,,,,,,,,,,,,,,,,,309,ÊÅ£Ë®ÄË™ûÂøåÊÇ≤,1,,,,,,,,,,,,,,,,,,,,,,,,,,,,,,,,,,,,,,,,,,,,,,,,
,,,,,,,,,,,,,,,,,309,ÊÅ£Ë®ÄË™ûÂøåÊÇ≤ ,1,,,,,,,,,,,,,,,,,,,,,,,,,,,,,,,,,,,,,,,,,,,,,,,,
,,,,,,,,,,,,,,,,,309,ÁÑ°„ÅÑÁÑº„Åç,1,,,,,,,,,,,,,,,,,,,,,,,,,,,,,,,,,,,,,,,,,,,,,,,,
,,,,,,,,,,,,,,,,,309,ùêìùêéùêóùêà,1,,,,,,,,,,,,,,,,,,,,,,,,,,,,,,,,,,,,,,,,,,,,,,,,
,,,,,,,,,,,,,,,,,309,ùïÉùïöùï•ùï•ùïùùïñ ùîπùïöùï£ùïï,1,,,,,,,,,,,,,,,,,,,,,,,,,,,,,,,,,,,,,,,,,,,,,,,,
,,,,,,,,,,,,,,,,,309,ùñéùñõùñÜùñì ùñëùñÜùñüùñÜùñóùñî,1,,,,,,,,,,,,,,,,,,,,,,,,,,,,,,,,,,,,,,,,,,,,,,,,
,,,,,,,,,,,,,,,,,309,üçÅüçÇ (New Player :D),1,,,,,,,,,,,,,,,,,,,,,,,,,,,,,,,,,,,,,,,,,,,,,,,,