 ,Submit Record,,FFA,,,Maze,,,4TDM,,,2TDM,,,Portal 4TDM,,,Maze 2TDM,,,Maze 4TDM,,,Squads,,,Duos,,,Open TDM,,
CellImage,WR Rules,Arras.io World Records Archive,,,,,,,,,,,,,,,,,,,,,,,,,,,,,,
CellImage,Secondary Records,,,,,,,,,,,,,,,,,,,,,,,,,,,,,,,
CellImage,Player/Tank Stats,,,,,,,,,,,,,,,,,,,,,,,,,,,,,,,
CellImage,WRA Website,,,,,,,,,,,,,,,,,,,,,,,,,,,,,,,
CellImage,Submissions,,,,,,,,,,,,,,,,,,,,,,,,,,,,,,,
CellImage,Highest Scores,,,,,,,,,,,,,,,,,,,,,,,,,,,,,,,
CellImage,Reddit,,,,,,,,,,,,,,,,,,,,,,,,,,,,,,,
CellImage,Discord,,,,,,,,,,,,,,,,,,,,,,,,,,,,,,,
,Project Unity,,,,,,,,,,,,,,,,,,,,,,,,,,,,,,,
CellImage,Theme Creator,,,,,,,,,,,,,,,,,,,,,,,,,,,,,,,
CellImage,Class Tree,,,,,,,,,,,,,,,,,,,,,,,,,,,,,,,
,,,,,,,,,,,,,,,,,,,,,,,,,,,,,,,,
Highest Score in Mode,,7021334,Oganesson 118 (Crop Duster),https://imgur.com/gallery/9saovWK,5100330,ExC (Streamliner),https://imgur.com/a/DaHPhMK,20021586,Roman (Auto Overseer),https://imgur.com/a/cMumfGB,44215098,hi (Auto Overseer),https://youtu.be/wAPi4qf1_Vk,9617577,crong (Landmine),https://imgur.com/a/SDRZ7MI,10065712,Crown the √ñ. (Overtrapper),https://imgur.com/a/ndpbcEb,11720549,baking soda (Streamliner),https://imgur.com/gallery/rHKhSJg,9893677,Anak (Battleship),https://imgur.com/gallery/j18MkES,7203440,Quad (Bent Hybrid),https://imgur.com/a/izc5CcM,11147953,evil isopod (Overlord),https://imgur.com/a/8trHyPr,
,,,,,,,,,,,,,,,,,,,,,,,,,,,,,,,,
,Tier 1,,FFA,,,Maze,,,4TDM,,,2TDM,,                            Portal 4TDM                            ,,,,Maze 2TDM,,,Maze 4TDM,,,Squads,,,Duos,,,Open TDM,,
CellImage,(Basic) Tank,5539118,JellySnk,https://imgur.com/a/hjwd7OZ,3627743,ExC,https://imgur.com/a/mM6MqTi,5124969,Smiley,https://imgur.com/a/VIJi4HN,3383654,8,https://imgur.com/a/fGHMrYH,3725901,Corrupt Y,https://imgur.com/a/uTUuC1D,2279548,Armin Play YT,https://imgur.com/a/2xuJOZA,3006019,WL9,https://imgur.com/a/ChokS3y,1616955,[LK],https://imgur.com/a/BkFNr8p,3181506,jax,https://imgur.com/a/qjylVkr,2694843,Ice Cream Samich,https://imgur.com/a/tfKKL3l,
,,,,,,,,,,,,,,,,,,,,,,,,,,,,,,,,
,Tier 2,,FFA,,,Maze,,,4TDM,,,2TDM,,                            Portal 4TDM                            ,,,,Maze 2TDM,,,Maze 4TDM,,,Squads,,,Duos,,,Open TDM,,
CellImage,Director,2022260,ExC,https://imgur.com/a/GAFlNpB,1787082,a/4,https://imgur.com/gallery/Ai1ypuT,3512997,Ender,https://cdn.discordapp.com/attachments/396378236705046529/817900718705999892/screenshot_-_2021-03-07T002101.344.png,5557653,baking soda,https://imgur.com/gallery/2Gn8w3e,2709753,4m,https://imgur.com/gallery/wwiA8nI,1740417,üéã,https://imgur.com/a/pXRttar,2537310,‚ù¶ùì¶ùì≤ùìºùì±ùìÆùìº‚ù£,https://imgur.com/a/USav0Z7,3198459,Catto,https://imgur.com/a/8aQL3wG,1840892,2not1üåπ,https://imgur.com/a/sAJY4Xi,2307624,our kill,https://imgur.com/a/HjQNjlz,
CellImage,Flank Guard,4610231,Ender,https://imgur.com/a/9tCokHJ,4602013,Quad,https://imgur.com/a/DKR0Vi6,9445629,Crown the √ñ.,https://imgur.com/a/2fGaXet,2855903,TheMadLad,https://imgur.com/a/nLXg0M3,7191839,Zeo'Xe,https://imgur.com/a/1ezge3c,1297253,üéã,https://imgur.com/a/d2KRSoq,1969700,YT-TY,https://imgur.com/a/j0cCIWI,6999083,rela üê£,https://imgur.com/gallery/g7L8W8l,4056516,bum,https://imgur.com/a/g6Xfc1U,2716884,Thx m8,https://imgur.com/a/TEQbZ1A,
CellImage,Machine Gun,5198845,Zeo'Xe,https://imgur.com/a/kAXpOb7,3185018,evil isopod,https://imgur.com/a/9T3dBfy,3564540,Zeo'Xe,https://imgur.com/a/H3uSkeD,3717640,üå∑|retnuH,https://imgur.com/gallery/GHkAB0G,4017778,Zeo'Xe,https://imgur.com/a/RzydxYr,1870433,Damocles,http://imgur.com/a/jYnmZ0o,1740003,ExC,https://imgur.com/a/BtYkzOE,2884868,<‚ùÇ> ‚Ç≠«ør…áa,https://imgur.com/gallery/G2665W8,1719383,Chaos,https://imgur.com/a/QpdzurZ,2136980,Ray,https://imgur.com/a/jjtyVDD,
CellImage,Pounder,3048582,ExC,https://imgur.com/a/pxH2Byk,1577298,hi,https://imgur.com/a/mUy0xpx,5617577,ExC,https://imgur.com/a/9yvoUuo,2139394,Psychlow,https://media.discordapp.net/attachments/395646588682240020/558412274914820106/Screen_Shot_2019-03-21_at_6.10.44_PM.png?,3014080,Mr.Chemistry,https://imgur.com/a/1IcfBD3,1332212,üéã,https://imgur.com/a/Y1OjBtc,2163316,Moral X,https://imgur.com/a/tNPaSNi,2015661,xeno,https://imgur.com/a/7jD1wO7,1460657,Ray,https://imgur.com/a/YL6CcBm,1905558,pool noodle,https://imgur.com/a/WyW8XxH,
CellImage,Sniper,4451028,Denied,https://www.youtube.com/watch?v=rzzbHo0Yh8E&feature=youtu.be,3421131,Denied,https://www.youtube.com/watch?v=DUO8_t83Rr0&feature=youtu.be,7309124,Quad,https://imgur.com/a/L1246Ro,6134722,Denied,https://cdn.discordapp.com/attachments/395646588682240020/557215209727459339/arras.io_-_Google_Chrome_18_03_2019_14_51_35.png,3295032,jah,https://imgur.com/a/lGz6wtf,1405929,Cipher,https://imgur.com/a/MUgCQY3,2270380,[LK],https://imgur.com/a/fGIyqAU,2799932,Otobus,https://imgur.com/a/q6Q7pjv,1420830,greg.,https://imgur.com/a/QYmdO6d,3558276,Thing,https://imgur.com/a/btP0rgX,
CellImage,Trapper,1612035,<‚ùÇ> ‚Ç≠«ør…áa,https://imgur.com/gallery/G9IIWyT,1638708,Mine,https://imgur.com/a/862UgSK,2207318,ü•ïCrazy Carrotü•ï,https://imgur.com/a/R2Ld9Bu,3257510,üéã,https://imgur.com/a/5hIJkFz,2009448,[MG] Spin2Team,https://imgur.com/a/5OsMPxR,1156134,Jackson,https://imgur.com/a/lIXTmTE,1286053,‚öî Existenceüåô,https://imgur.com/a/IIr9ebl,1925579,Mine,https://imgur.com/a/OBkPCHQ,1365306,2not1üåπ,https://imgur.com/a/BPbqDh9,1130436,[MG] Spin2Team,https://imgur.com/a/8W7BT6I,
CellImage,Twin,4153334,hi,https://imgur.com/a/NC6y3zL,2601708,Quad,https://imgur.com/a/GAD2pRN,3447134,Zeo'Xe,https://imgur.com/a/fmo6Bag,3710691,fortune,https://imgur.com/a/pHiBLAd,5092767,Smiley,https://imgur.com/a/YXPiRaA,2397130,Smiley,https://imgur.com/a/AhG4uy5,2045436,YT-TY,https://imgur.com/a/rmtNOGt,5610574,rela üê£,https://imgur.com/gallery/vmtO4ha,2136586,Allan,https://imgur.com/a/qAud5aB,3107470,bean,https://imgur.com/a/DD5Og8F,
,,,,,,,,,,,,,,,,,,,,,,,,,,,,,,,,
,Tier 3,,FFA,,,Maze,,,4TDM,,,2TDM,,                            Portal 4TDM                            ,,,,Maze 2TDM,,,Maze 4TDM,,,Squads,,,Duos,,,Open TDM,,
CellImage,Artillery,6888942,4m,https://imgur.com/gallery/PJziRUu,3573614,4m,https://imgur.com/gallery/xSdTzNC,3695541,bum,https://imgur.com/a/fdqi9aC,4687592,Mine,https://imgur.com/a/09vgNJ3,6592286,evil isopod,https://imgur.com/a/gkGCW3n,1513259,Mine,https://imgur.com/a/7z2gClI,2500299,a letter a,https://cdn.discordapp.com/attachments/395646588682240020/730670632290877470/aa.png,5610404,Quad,https://imgur.com/a/Ld0MHcV,1753223,Allan,https://imgur.com/a/wnnGa0e,4084793,rela üê£,https://imgur.com/gallery/L5IaPmI,
CellImage,Assassin,2049063,Thing,https://imgur.com/a/Tu1TkmU,1793426,«§«ø[neVX]‚ôõ,https://imgur.com/a/5P1kDld,9482940,Marcus,https://imgur.com/a/SFTFxTX,6199971,CX has cute feet,https://imgur.com/a/BdjKLeG,3069152,Mine,https://imgur.com/a/SUgdLE5,2031586,CrimsonAsItIs,https://imgur.com/a/U4SsqRG,1365739,Colourful,https://imgur.com/gallery/wWIQt03,3282666,<‚ùÇ> ‚Ç≠«ør…áa,https://imgur.com/gallery/vu4o2dr,1806744,noscore,https://imgur.com/a/V3xWe6q,2059323,CX has cute feet,https://imgur.com/a/Bsxufut,
CellImage,Auto 3,2440640,4m,https://imgur.com/gallery/lQMZ6jo,1155191,Silk,https://imgur.com/a/dB9kvUV,2340346,Mine,https://imgur.com/a/p4XVTXn,2729339,Corrupt Y,https://imgur.com/a/XzM97y1,1841652,Askatasuna,https://imgur.com/a/NTPA537,1232156,[MG] Spin2Team,https://imgur.com/a/8WpDSbG,1745961,132,https://www.facebook.com/photo/?fbid=2795772253991118&set=pcb.2795773713990972,1643316,ASkib,https://imgur.com/a/OKKuJrU,1111404,Jackson,https://imgur.com/a/nOhOqFr,1708736,eneri,https://imgur.com/gallery/TCYso5Z,
CellImage,Builder,3193211,ü•ïCrazy Carrotü•ï,https://imgur.com/a/Psgxwh9,3065634,<‚ùÇ> ‚Ç≠«ør…áa,https://imgur.com/gallery/ZoPW9py,2992791,<‚ùÇ> ‚Ç≠«ør…áa,https://imgur.com/gallery/7SBi6DT,6089103,Corrupt Y,https://imgur.com/a/9NGb9uX,2193193,<‚ùÇ> ‚Ç≠«ør…áa,https://imgur.com/gallery/k3fuli5,2686349,<‚ùÇ> ‚Ç≠«ør…áa,https://imgur.com/gallery/SStq9V8,5105669,<‚ùÇ> ‚Ç≠«ør…áa,https://imgur.com/gallery/boXiZCr,3564987,Chaos,https://imgur.com/a/CgTfxMG,1911443,Chaos,https://imgur.com/a/GnxCvCt,3531288,<‚ùÇ> ‚Ç≠«ør…áa,https://imgur.com/gallery/GyD7MTo,
CellImage,Cruiser,2398939,hi,https://imgur.com/a/kA2gGto,1275896,Silk,https://cdn.discordapp.com/attachments/395646588682240020/855530024493121546/screenshot_2.png,3776845,Corrupt Y,https://imgur.com/a/ZsNcJH4,3790128,8,https://imgur.com/a/Ma25hwj,1542711,üéã,https://imgur.com/a/7YKPIC8,1823832,[MG] Spin2Team,https://imgur.com/a/9TKTSuM,1366643,jax,https://imgur.com/a/bvsptPr,1925688,Jackson,https://imgur.com/a/sdh4bwx,1701341,2not1üåπ,https://imgur.com/a/J7tdxRI,2525333,CX has cute feet,https://imgur.com/a/jOid2Xv,
CellImage,Destroyer,4006754,Damocles,https://media.discordapp.net/attachments/395646588682240020/535611640318787584/4m_Destroyer.png,3766285,Quad,https://imgur.com/a/0waFQqx,8619700,Smiley,https://imgur.com/a/aEKAbjg,5005414,bum,https://imgur.com/a/DOpQwrf,4169598,bean,https://imgur.com/a/7zXwSgL,4755069,üéã,https://imgur.com/a/cwl1Oml,3705776,WL9,https://imgur.com/a/iuVC6SK,5370528,rela üê£,https://imgur.com/gallery/KzjQVbi,5247505,Chaos,https://imgur.com/a/PUe3YPW,3372514,Laru, https://imgur.com/a/6DF5SY1,
CellImage,Double Twin,4335230,Roman,https://imgur.com/a/00UWu7G,3512251,Quad,https://imgur.com/a/PuKSH6n,3124145,<‚ùÇ> ‚Ç≠«ør…áa,https://imgur.com/gallery/fTuYHxb,2836514,SunIdea,https://imgur.com/a/pPQ8SL2,2517257,Thx m8,https://imgur.com/a/KmuuWdd,1855543,nata,https://imgur.com/a/cwXMTKM,2587026,Smiley,https://imgur.com/a/m973PDN,3089764,baking soda,https://imgur.com/gallery/Weq9qUO,3029739,„Éò‚Å†Ôºà‚Å†„ÄÇ‚Å†‚ñ°‚Å†¬∞‚Å†Ôºâ‚Å†„Éò,https://imgur.com/gallery/V0NCwdH,3685785,Denied,https://www.youtube.com/watch?v=r1TxtoWL19Y,
CellImage,Gunner,1994123,Anto,https://imgur.com/a/wsx8Kwi,1946308,evil isopod,https://imgur.com/a/ATPXSfi,4339953,Corrupt Y,https://imgur.com/a/HFJNNJJ,6000339,Corrupt Y,https://imgur.com/a/gTtXX3T,2359759,Corrupt Y,https://imgur.com/a/zY8ygdQ,2528370,Marcus,https://imgur.com/a/Uaxxx11,1898021,Corrupt Y,https://imgur.com/a/xdQPka5,1442667,bajaja,https://imgur.com/a/it90XQu,1811601,jax,https://imgur.com/a/qOrEFmQ,1461438,üéã,https://imgur.com/a/IbZrVs4,
CellImage,Hexa Tank,5269394,Zeo'Xe,https://imgur.com/a/0wBIgc4,3608962,Quad,https://imgur.com/a/9Vg5gov,5036784,bum,https://imgur.com/a/MevNfgT,4208916,Broken,https://imgur.com/gallery/iVpCQdw,2053236,Corrupt Y,https://imgur.com/a/ko4p0EI,1865334,[LK],https://imgur.com/a/ZhDtlyd,4323791,rela üê£,https://imgur.com/gallery/bLq20M7,6901999,baking soda,https://imgur.com/gallery/6INJT4b,4755164,ŒπŒ±,https://imgur.com/gallery/FsIxPU4,3130454,YT=GLITCHER TM,https://imgur.com/a/jCrIR4A,
CellImage,Hunter,2181908,Denied,https://cdn.discordapp.com/attachments/395646588682240020/547436914073010177/arras.io_-_Google_Chrome_19_02_2019_15_15_47.png,1422917,Silk,https://imgur.com/a/7WRoDUh,2278571,$hortstop,https://imgur.com/a/D5JWuH5,2762409,Crown the √ñ.,https://imgur.com/a/u3boqZJ,1530569,Rog456,https://imgur.com/a/oR2S34u,1363315,69,https://imgur.com/a/6bgvY9X,1809014,Damocles,https://imgur.com/a/Yj9gfKc,1750326,NOT|megaball[VN,https://imgur.com/a/rXLglTd,1767825,zoom!ü•Ä,https://imgur.com/a/zeIHjW7,1359314,pancake,https://imgur.com/a/Gvc3RIu,
CellImage,Launcher,2484877,evil isopod,https://imgur.com/a/h6S9iOQ,1414266,Corrupt Z (2not1),https://imgur.com/a/FCWU3ZE,2134473,Askatasuna,https://imgur.com/a/ovzAn5m,2651275,8,https://imgur.com/a/uyMiT5y,1357363,you tried ‚òÜ,https://imgur.com/a/wncDke0,1405860,jsohi,https://imgur.com/gallery/k07K2tT,1132558,Corrupt Y,https://imgur.com/a/EV6JkVt,3593294,pool noodle,https://imgur.com/a/cXKJQja,1311137,PainÁóõ„Åø,https://media.discordapp.net/attachments/372305400638472200/845565114961625088/Launcher_1.3m_Maze_Duos_Final.png?,2244972,pool noodle,https://imgur.com/a/5bcAmMa,
CellImage,Minigun,5247509,EB,https://imgur.com/a/NZZIImh,2437998,Quad,https://imgur.com/a/etv6ae3,3806822,baking soda,https://imgur.com/gallery/uHr6c35,4030334,Quad,https://imgur.com/a/q7vqTFp,3001996,Septerion,https://imgur.com/a/R4l2aAm,2050206,[MG] Spin2Team,https://imgur.com/a/5JTfm2l,2417728,DevŒ±,https://imgur.com/a/Xg0YkLI,2281566,Septerion,https://imgur.com/gallery/z1wBJyU,2281566,Septerion,https://imgur.com/gallery/j5YCkVI,4153244,baking soda,https://imgur.com/gallery/HADBMLt,
CellImage,Overseer,3070704,evil isopod,https://cdn.discordapp.com/attachments/395646588682240020/546167411615989760/unknown.png,2187888,Quad,https://imgur.com/NC4DAin,17426552,evil isopod,https://imgur.com/a/iJK7O6K,7583001,Smiley,https://imgur.com/a/y3G1z7g,4331038,Zeo'Xe,https://imgur.com/a/5GspcZr,5761622,evil isopod,https://imgur.com/a/TFitCep,3208012,evil isopod,https://imgur.com/a/vSLxKiX,6847834,evil isopod,https://imgur.com/a/Y3QPrsp,2184048,syd para,https://imgur.com/a/oQI8Tbh,3023850,Askib,https://imgur.com/a/Nsa3UYK,
CellImage,Rifle,3294722,Absol,https://imgur.com/a/CtdlnOX,1650134,Quad,https://imgur.com/a/VWb3WLD,9696999,Para,https://imgur.com/gallery/NHaWUgK,6007478,Para,https://imgur.com/gallery/PP0Wazl,3360943,Mine,https://imgur.com/a/6MNj096,3599341,Mine,https://imgur.com/a/lhW9813,1575853,Damocles,https://imgur.com/a/5yt7TnE,2475464,Kris,https://www.reddit.com/r/Diep2io/comments/nudhjl/maze_squads_rifle_wr/,1861675,Jackson,https://imgur.com/a/ne6mzWN,3006441,Denied,https://www.youtube.com/watch?v=CesHidkOdi4&feature=youtu.be,
CellImage,Smasher,3706095,ùëâùì™ùì∑ùìÆùìºùìºùì™,https://cdn.discordapp.com/attachments/589311134453202966/594300638968414219/unknown.png,3616454,Quad,https://imgur.com/a/byWGd6a,6224389,2not1üåπ,https://imgur.com/a/u86XFnb,7328693,Anto,https://imgur.com/a/Q2AJHfb,6016456,[MG] Spin2Team,https://imgur.com/a/MQGCAxP,7055567,Smiley,https://imgur.com/a/IEY9Uk3,6307262,Thx m8,https://imgur.com/a/gA8MviK,2024800,2not1üåπ,https://imgur.com/a/SjzXnHq,2396470,Mine,https://imgur.com/a/S5XBHy2,4456913,Chaos,https://imgur.com/a/dFLs0yx,
CellImage,Spawner,1322591,evil isopod,https://imgur.com/a/tyBmhcJ,1581793,evil isopod,https://imgur.com/a/du11AOb,3337646,bum,https://imgur.com/a/Zq3ZES9,5299725,cute sus,https://imgur.com/a/pp6VoQZ,1629611,Neptuun,https://imgur.com/a/WkCEFAR,2193295,Micckey üòé,https://imgur.com/gallery/aj4wMnw,4307705,baking soda,https://imgur.com/gallery/rxYJF4g,1194706,ThunderFlame,https://imgur.com/a/gFbxrOg,1684861,Mr.Hacker YT,https://imgur.com/gallery/Xg4tjUO,2007631,Thunder,https://imgur.com/a/wVnltRJ ,
CellImage,Sprayer,3498064,Zeo'Xe,https://imgur.com/a/5yybaSN,3074057,Chaos,https://imgur.com/a/gfPau3X,4216744,evil isopod,https://imgur.com/a/mhFlBUP,5508883,OnyxD,https://imgur.com/a/pqiyDuh,2130238,Thx m8,https://imgur.com/a/WZWntGy,1652972,Ray,https://imgur.com/a/i9bqEsg,1932123,ùêî,https://imgur.com/a/mpY2FVm,4524378,Roman,https://imgur.com/a/WZVR6vA,4646009,Ray,https://imgur.com/a/vMcPtSn,3252800,Mine,https://imgur.com/a/z03M6X3,
CellImage,Trap Guard,4097116,Anto,https://imgur.com/a/45RF3rK,3005626,Quad,https://imgur.com/a/iqJ0H46,9352891,pedal,https://imgur.com/a/3AK5MJI,3336222,baking soda,https://imgur.com/gallery/epLMsKv,4243117,clockatiel,https://imgur.com/a/QPB3b6c,2461450,‚ò† ü·¥Ä…¢ –º·¥Äs—Ç·¥á Ä‚ò†,https://imgur.com/a/G9xlF3m,2006769,ExC,https://imgur.com/cIHgX0h,5285506,evil isopod,https://imgur.com/a/YeXUiEg,1572161,loaf,https://imgur.com/gallery/5bsOuQc,2757242,loaf,https://imgur.com/a/qQFi5Oj,
CellImage,Tri-Angle,2491436,Candy!,https://cdn.discordapp.com/attachments/395646588682240020/470344744413954079/unknown.png,1896088,Stardust,https://imgur.com/a/CSMV5g4,4270404,baking soda,https://imgur.com/gallery/Sokz4Tv,3030096,[LK],https://imgur.com/a/Zuq0CIq,2259611,Raptor,https://imgur.com/a/U0HquFP,4510209,Mine,https://imgur.com/a/AI4ijwq,2022833,Corrupt Y,https://imgur.com/a/vQsIRxy,1169695,Neptuun,https://imgur.com/a/Q7QZd9L,2604759,Thx m8,https://imgur.com/a/m6SB0Lb,1663669,long vn :D,https://imgur.com/gallery/tEwTDos,
CellImage,Triple Shot,3752572,Icewalk,https://imgur.com/gallery/YvhAMtf,2705957,Smiley,https://imgur.com/a/iTGyGaw,3207778,rela üê£,https://imgur.com/gallery/5LfE3Ny,3767623,Otobus,https://imgur.com/a/QepawHD,3160119,baking soda,https://imgur.com/gallery/dusPDKk,1391563,lotion,https://imgur.com/a/17vJXJ0,1782618,Icewalk,https://imgur.com/gallery/GkcvHQn,5813629,<‚ùÇ> ‚Ç≠«ør…áa,https://imgur.com/gallery/5auaT4L,2239175,a seal!,https://imgur.com/a/DF0HTnA,2289269,Toy Maker,https://imgur.com/a/rBuaNPV,
CellImage,Tri-Trapper,1258067,Corrupt Y,https://imgur.com/a/LUMvbYl,1704279,Smiley,https://imgur.com/a/3k0Shlb,2232045,Corrupt X,https://imgur.com/a/sEXZiso,2371247,[LK],https://imgur.com/a/lcR2OZU,1803356,ŒπŒ±,https://imgur.com/gallery/GSzbtFr,1338624,CX has cute feet,https://imgur.com/a/bsgY9nF,2278103,duc,https://imgur.com/a/XQ0YL9q,3568823,no go,https://imgur.com/a/TDj79Gn,1418540,2not1üåπ,https://imgur.com/a/tPobBg2,1159708,2not1üåπ,https://imgur.com/a/3Wjun9n,
CellImage,Underseer,1500124,Smiley,https://imgur.com/a/BkX1dGL,1419631,Quad,https://i.imgur.com/lm2fOxg.png,4024595,Minty,https://imgur.com/a/BFf6YWB,7515037,Corrupt Y,https://imgur.com/a/YnYng2I,3006750,BaLu,https://youtu.be/knpqSlF5HVo,1496643,Xenom,https://imgur.com/a/3asMEsU,1826170,<‚ùÇ> ‚Ç≠«ør…áa,https://imgur.com/gallery/UVdZd76,1559415,From Asia,https://imgur.com/gallery/dECSwF2,1108627,zoom!ü•Ä,https://imgur.com/a/w29XKpv,1399116,From Asia,https://imgur.com/a/yrqsi15,
,,,,,,,,,,,,,,,,,,,,,,,,,,,,,,,,
,Tier 4,,FFA,,,Maze,,,4TDM,,,2TDM,,                            Portal 4TDM                            ,,,,Maze 2TDM,,,Maze 4TDM,,,Squads,,,Duos,,,Open TDM,,
CellImage,Annihilator,5334915,ExC,https://imgur.com/a/ccT9sMd,3872145,Chaos,https://imgur.com/a/pc7B8GB,6193777,Hydra,https://imgur.com/a/EdSAm5d,6573196,Thing,https://imgur.com/a/z6ssqnS,6580399,Nyrox,https://imgur.com/a/d318aYq,6089349,Smiley,https://imgur.com/a/9za9B4K,6601572,Crown the √ñ.,https://imgur.com/a/JWeDlf1,4560119,Chaos,https://imgur.com/a/GihXJ2g,3344018,SKyTarii,https://imgur.com/gallery/pQYTqX7,3261133,Sonic -_-,https://imgur.com/gallery/CabgkX4,
CellImage,Architect,3054637,4m,https://imgur.com/gallery/l5JBRik,2509654,Awootube,https://imgur.com/a/SJLq6b0,5109796,132,https://imgur.com/gallery/xr61AmQ,3043072,Thing,https://imgur.com/a/8eYtNke,2662141,Rog456,https://imgur.com/gallery/ptWkq2m,2116743,ThunderFlame,https://imgur.com/a/cuq7MVC,1373832,ùìíùìÆùìµùìÆùìºùìΩùì≤ùì™ùìµüåô,https://imgur.com/a/yypoaqz,2915289,Chaos,https://imgur.com/a/xF9N6F0,2076088,Catto,https://imgur.com/a/bvZamRw,5094405,132,https://imgur.com/a/luva5uJ,
CellImage,Armsman,3527224,FunPlayer05,https://imgur.com/a/Q1xK0Md?third_party=1,3143118,Mine,https://imgur.com/a/eAoXdp8,3549090,Thing,https://imgur.com/a/9ahYnVY,8425280,Para,https://imgur.com/gallery/wpfro1Q,2946785,ThunderFlame,https://imgur.com/a/819zJoe,2607705,Chaos,https://imgur.com/a/8rnewQj,3186555,Mine,https://imgur.com/a/pRixYaT,5339820,safuez,https://imgur.com/gallery/3qR1rou,5083845,ŒπŒ±,https://imgur.com/gallery/6S2dTda,2087679,Jugg,https://imgur.com/gallery/5HytjSu,
,Atomizer,2636912,Armin Play YT ,https://imgur.com/a/DK7VCcp,1919290,ThunderFlame,https://imgur.com/a/o7e3waI,924657,bruhski,https://imgur.com/a/dihnIf8,1495824,bruhski,https://imgur.com/a/NXpAsfJ,1473607,[CONQ] Tasty,https://imgur.com/a/UZiTaeY,,,,,,,1398569,ascending,https://imgur.com/a/UX6P2x7,1343153,Askatasuna,https://imgur.com/a/0E3SHeT,1601495,Armin Play YT,https://imgur.com/a/aRGCAg3,
CellImage,Auto-4,3029712,Zeo'Xe,https://imgur.com/a/pdIdXYV,1610253,Quad,https://www.youtube.com/watch?v=QgE0a5G01pk,2536228,baking soda,https://imgur.com/gallery/R9vSljr,2637534,UwU,https://imgur.com/a/Zt4KMgS,2534774,DevŒ±,https://imgur.com/a/FRidXSw,1799247,Thunder,https://imgur.com/a/gkZuAKp,2147669,Mine,https://imgur.com/a/gHIgiEL,2694714,ASkib,https://imgur.com/a/rPsrcX0,2025055,Mine,https://imgur.com/a/iX7yzau,2238992,132,https://imgur.com/a/MehUq6Z,
CellImage,Auto-5,5507442,evil isopod,https://imgur.com/a/3JdoNT2,3256609,Stardust,https://imgur.com/a/qFW8gcL,3514139,bean,https://media.discordapp.net/attachments/395646588682240020/835423482740736060/unknown.png?,2569387,ay96,https://imgur.com/a/g6IuVpe,2375425,ThunderFlame,https://imgur.com/a/PQpFKn9,1180086,Mine,https://imgur.com/a/aEs05Iu,1659331,eel,https://ibb.co/album/rfR86z,5517223,evil isopod,https://imgur.com/a/2mpGT7d,2696553,NIGHTGER,https://imgur.com/a/W1SSpZC,3809087,YT=GLITCHER TM,https://imgur.com/a/BpHONFx,
CellImage,Auto Assassin,4577413,evil isopod,https://media.discordapp.net/attachments/395646588682240020/851774174057725962/screenshot_94.png?,2168616,mental,https://imgur.com/gallery/72oNMTK,9533746,Thing,https://imgur.com/a/3tyXdPH,10114098,Awootube,https://imgur.com/a/2nx5L2W,4936258,hewo,https://imgur.com/a/4fK7fKu,1846286,[LK],https://imgur.com/gallery/KBcoFRl,3887968,„Ñö·¥á·¥õ…™üçù,https://imgur.com/a/aUVbg34,5355888,Mr.Hacker YT,https://imgur.com/gallery/7bTomXS,6139047,Athu,https://imgur.com/a/FlZca6E,3207102,cute sus,https://imgur.com/a/08ZiYtJ,
CellImage,Auto Builder,4064640,Stradpult,https://media.discordapp.net/attachments/454578417745133580/563009123747102741/unknown.png,4435281,ExC,https://imgur.com/a/jJlk3Fq,2862246,Smiley,https://imgur.com/a/RcCxrpi,10261698,ŒπŒ±,https://imgur.com/a/bfBLciK,3683276,üå∑|retnuH,https://imgur.com/gallery/X8q9h2f,1994633,jah,https://imgur.com/a/Ge3syjD,2221788,[üçû]little one <3üç´üç¶üçë,https://imgur.com/a/atuB1oC,4428056,Quad,https://imgur.com/a/67gVWyN,4558669,ü•ïCrazy Carrotü•ï,https://imgur.com/a/sJf5sy7,3246853,Jugg,https://imgur.com/a/i4qeAtu,
CellImage,Auto Cruiser,2650592,Ender,https://imgur.com/a/OSRJo8e,1650871,Mine,https://imgur.com/a/XZF3ggg,10334542,baking soda,https://imgur.com/gallery/Fd4yy0Q,8217163,Heatherly,https://imgur.com/a/L8fSwkK,4034895,CrimsonAsItIs,https://imgur.com/gallery/Z6RsGtE,2299949,·µõÃ∑ÃàÃêÃíÕâ·µñÃ¥ÃöÃΩÕòÕÜÃôÃ∫·µ†Ã∑ÃêÃïÃàÃõÃ∫ÃÆÃ≤Ã™,https://imgur.com/a/EqfA08O,2431536,Jackson,https://imgur.com/a/IUD3mA7,3391428,Anak,https://imgur.com/a/XBxjxef,2331609,0,https://imgur.com/a/QJt2igO,3750630,Jugg,https://imgur.com/gallery/7ihq3kf,
CellImage,Auto Double,4368346,Anto,https://imgur.com/a/BcwXEHo,3580389,Quad,https://imgur.com/a/4PpTCA1,5792024,Silvius,https://imgur.com/a/mmd4hTy,3832657,Quad,https://imgur.com/a/oGNQhgS,2687861,Mine,https://imgur.com/a/LuooUCi,3218143,cyan,https://imgur.com/a/yheP9GT,2663002,Damocles,http://imgur.com/a/bAyFGjZ,8151530,hi,https://imgur.com/a/JAFwr3A,6023075,Para,https://imgur.com/gallery/2wGJshL,4083418,Legenda,https://imgur.com/a/ugAQOXR,
CellImage,Auto Gunner,2909524,evil isopod,https://imgur.com/a/vuJKbuw,3216202,evil isopod,https://imgur.com/a/NNuCPHa,5055894,Smiley,https://imgur.com/a/fxqgWKz,4296072,baking soda,https://imgur.com/gallery/l6LnKnU,5503364,Nyrox,https://imgur.com/a/YgqAZCB,2009786,duc,https://imgur.com/a/h5a04s6,2451879,[LK],https://imgur.com/a/4PfqlrI,4364503,evil isopod,https://imgur.com/a/kU3pRXD,3745036,Quad,https://imgur.com/a/CpkXtTq,4035716,Jackson,https://imgur.com/a/RlAVuAi,
CellImage,Auto Overseer,3537901,Sashazzz,https://imgur.com/a/1iDkbh8,2242795,Mine,https://imgur.com/a/gIgTaOS,20021586,Roman,https://imgur.com/a/cMumfGB,44215098,hi,https://youtu.be/wAPi4qf1_Vk,6408598,ü•ïCrazy Carrotü•ï,https://imgur.com/a/OLV2ouU,3128393,SunIdea,https://imgur.com/a/GCaH1CP,3990688,rela üê£,https://imgur.com/gallery/67iR09o,5001105,shuna,https://imgur.com/a/Tl9xFOC,3581407,Allan,https://imgur.com/a/3Uo1qpl,6066987,ŒπŒ±,https://imgur.com/gallery/LPqFBUd,
CellImage,Auto Smasher,4114739,Jazz,https://imgur.com/a/vT8eZOX,2221839,Zeo'Xe,https://imgur.com/a/9IOQYuC,7118526,ExC,https://imgur.com/a/RxNQy8h,8604466,Nyrox,https://imgur.com/a/Q20RDf1,4364338,Jake,https://imgur.com/gallery/sEkXD3y,3021835,Damocles,https://imgur.com/a/erdD2DZ,3326430,Darky,https://imgur.com/a/gIkr96G,2839948,Mine,https://imgur.com/a/HHxf6ic,2135557,Mine,https://imgur.com/a/X2XR9ML,4469929,ExC,https://imgur.com/a/xHoB6XC,
CellImage,Auto Spawner,2783397,UwU,https://imgur.com/a/z1fnMDs,2036831,üå∑|retnuH,https://imgur.com/gallery/UzLlsP6,6349079,„Å≠„Åì„Åç„Çì,https://imgur.com/a/XspMgzj,6752722,Mr.Hacker YT,https://imgur.com/gallery/2IDESB4,3990554,breaking good,https://imgur.com/a/r5YJpTy,1573074,jah,https://imgur.com/a/IReDJba,1839081,Mr.Hacker YT,https://imgur.io/a/bFX11DR,4603652,ŒπŒ±,https://imgur.com/gallery/LtdFntm,1965609,WL9,https://imgur.com/a/YHTNGYk,3243293,dnb,https://imgur.com/a/fArb9px,
CellImage,Auto Tri-Angle,4439908,Smiley,https://imgur.com/a/5n5CIJp,2592226,Smiley,https://imgur.com/a/zR5kzSs,5362586,ŒπŒ±,https://imgur.com/gallery/gwa1PQC,3507520,üéã,https://imgur.com/a/XXbkxk6,2300825,Salt,https://imgur.com/a/Xxj4MHZ,1718606,Haha Bee üêù,https://imgur.com/a/wWr0ovo,1587513,‚ò† ü·¥Ä…¢ –º·¥Äs—Ç·¥á Ä‚ò†,https://imgur.com/a/CqmekXa,3996892,ŒπŒ±,https://imgur.com/gallery/CfarO6b,3746052,Smiley,https://imgur.com/a/NdzC6AC,3221899,OnyxD,https://imgur.com/a/4R3vGxu,
CellImage,Banshee,3630783,YT-TY,https://www.youtube.com/watch?v=EkCMiUc49DY,2173815,Mine,https://imgur.com/a/X9noedB,4869356,Nyrox,https://imgur.com/a/ggQV4qQ,6576051,Stardust,https://imgur.com/a/F1uheRk,5008377,Thx m8,https://imgur.com/a/jvG70A8,1810622,ThunderFlame,https://imgur.com/a/KLb2vq7,2590578,Ditine,https://imgur.com/a/N7mVEeB,4138344,evil isopod,https://imgur.com/a/7YX9hPz,2434209,pancake,https://imgur.com/a/3Hrt6rs,2356374,eneri,https://imgur.com/a/gVyeFXT,
CellImage,Barricade,6217638,Roman,https://imgur.com/a/c4JjDth,2749703,baking soda,https://imgur.com/gallery/yKPtr4W,4225160,baking soda,https://imgur.com/gallery/m2RYlkj,4183640,Die?,https://imgur.com/a/7qdEaMc,3906493,Tommy,https://imgur.com/a/IXVDvLS,2744067,‚ó£“í»Ω‚Ç≥ŒúŒ£Œ≤‚ó•,https://imgur.com/a/WPxPLRl,2198464,poui,https://imgur.com/a/phuiBfT,3748692,ŒπŒ±,https://imgur.com/gallery/pO6wCj8,2334512,Mine,https://imgur.com/a/dyiwUj6,2635556,crong,https://imgur.com/a/eTTPyCV,
CellImage,Battleship,2942284,Zeo'Xe,https://imgur.com/a/br3ibWQ,2004903,Jugg,https://imgur.com/a/bCzXxlY,6006210,Thx m8,https://imgur.com/a/RmJPAtE,4226166,8,https://imgur.com/a/lUQOd2P,5362789,Askatasuna,https://imgur.com/a/LhwiWU1,1162237,Spacebar,https://imgur.com/a/KB4CFBk,1649389,jax,https://imgur.com/a/igCRTP2,9893677,Anak,https://imgur.com/gallery/j18MkES,1733039,Anak,https://imgur.com/gallery/j18MkES,5249935,Jugg,https://imgur.com/gallery/gVmGx97,
CellImage,Beekeeper,2895979,duud,https://imgur.com/a/cWysWkt,2469450,BaLu,https://imgur.com/gallery/4NJe9Rn,8859344,baking soda,https://imgur.com/gallery/bLRT66V,4329359,bum,https://imgur.com/a/Mh0m4tC,3340259,jsohi,https://imgur.com/gallery/Wbg8SKF,1880945,Mine,https://imgur.com/a/kaj9x1r,2704600,cute sus,https://imgur.com/gallery/UM9m2WE,5506615,baking soda,https://imgur.com/gallery/ZVp5E4F,2090069,Mine,https://imgur.com/a/TIaf5dT,2547465,cute sus,https://imgur.com/a/6YSdPxI,
CellImage,Bent Double,5881966,Tommy,https://imgur.com/a/WpMP67P,5058112,Nyrox,https://imgur.com/a/n1Ttyf8,7296093,ŒπŒ±,https://imgur.com/gallery/68vV8gq,7832982,Corrupt Y,https://imgur.com/a/jKHIqTL,4730075,baking soda,https://imgur.com/gallery/EcihqMy,1957972,17th,https://imgur.com/a/mfW93Lj,1741580,SS 69,https://imgur.com/a/bOCPtt6,5591142,ŒπŒ±,https://imgur.com/gallery/cDWX1Ax,6056772,Nyrox,https://imgur.com/a/nHPqKDV,3363251,rela üê£,https://imgur.com/gallery/wJApgrK,
CellImage,Bent Hybrid,5518921,mq,https://imgur.com/a/hPqyU7i,3292673,Quad,https://imgur.com/a/U1d9ovB,5025699,Rog456,https://imgur.com/gallery/iPluFIV,4268419,Thing,https://imgur.com/a/rnDQkQW,2962138,eel,https://imgur.com/gallery/Wbg8SKF,2301988,Broken,https://imgur.com/a/diGPGrL,2001702,ExC,https://imgur.com/a/x18oaKl,5501606,rela üê£,https://imgur.com/gallery/XK8LFwK,7203440,Quad,https://imgur.com/a/izc5CcM,2289673,Anto,https://imgur.com/a/pUIFkLi,
CellImage,Big Cheese,1550278,4m,https://imgur.com/gallery/4NNCTSW,1814497,<>,https://imgur.com/a/ZzotwwJ,1726270,Corrupt Y,https://imgur.com/a/oSO92ct,2538455,üå∑|retnuH,https://imgur.com/gallery/rJCF3Zg,1036403,‚ö°ùïØùñóùñÜùñåùñîùñì‚ö°INDONESIA,https://imgur.com/gallery/NOaQlUd,2305126,Mr.Chemistry,https://imgur.com/a/lC6ACF2,3795821,Mine,https://imgur.com/a/CTWxXsr,2223293,our kill,https://imgur.com/a/WyKjh9R,1670505,Corrupt Y,https://imgur.com/a/Qxya2tI,2711844,Mine,https://imgur.com/a/aSPacQ6,
CellImage,Bomber,3220980,ExC,https://imgur.com/a/Jlnxv96,2331112,Jugg,https://imgur.com/a/e2fHX8n,8440849,Stardust,https://imgur.com/a/V04ayJi,4172250,Smiley,https://imgur.com/a/LZSzPSM,2605877,cute sus,https://imgur.com/a/rOwoK8m,1406408,‚ò† ü·¥Ä…¢ –º·¥Äs—Ç·¥á Ä‚ò†,https://imgur.com/a/VrZydh1,1432252,Helaas Pindakaas,https://imgur.com/a/Md46ayN,3485287,Nyrox,https://imgur.com/a/OSZj0ph,2522803,Athu,https://imgur.com/gallery/tTWC1HO,2441389,Darky,https://imgur.com/a/1Tk2QY0,
CellImage,Boomer,2849055,evil isopod,https://imgur.com/a/OqbTWcj,2500923,Mine,https://imgur.com/a/T52TxPQ,3538269,zo,https://imgur.com/a/QS5jpSK,6516562,zo,https://imgur.com/a/YuZHxjj,5024955,Mine,https://imgur.com/a/eyrXoNo,1845568,Mine,https://imgur.com/a/rz3nE2B,3226541,Mine,https://imgur.com/a/Pp7Cfd6,5594392,baking soda,https://imgur.com/gallery/ITa62SE,3012716,ŒπŒ±,https://imgur.com/gallery/7D0HNBC,4202325,PQD[VN](DVN),https://imgur.com/a/YWmbwPt,
CellImage,Booster,4700319,Jimmy,https://cdn.discordapp.com/attachments/395646588682240020/444882589208281098/unknown.png,2314545,the midnight,https://media.discordapp.net/attachments/395646588682240020/745956623112994896/unknown.png,6381585,Sprunk,https://imgur.com/gallery/PZI6SMO,5028132,Sprunk,https://www.youtube.com/watch?v=B0PpuZtq2HI,5194668,bean,https://imgur.com/a/E6LnBse,2301036,ùïÉùïöùï•ùï•ùïùùïñ ùîπùïöùï£ùïï,https://imgur.com/a/tpbXsiU,2796564,eel,https://media.discordapp.net/attachments/477580168194555945/713147139106144266/boster.png,2077389,>_<#4554,https://imgur.com/a/lIqZMa4,3020904,Armin Play YT,https://imgur.com/a/xCKSUMS,2302562,Armin Play YT,https://imgur.com/a/VtWeqRq,
CellImage,Bulwark,6089463,Zeo'Xe,https://imgur.com/a/Z2FQEh3,3103939,Icewalk,https://imgur.com/gallery/maFVt39,3245447,Awootube,https://imgur.com/a/4merq3k,5660964,Marcus,https://imgur.com/a/iyMOApn,3071977,Zeo'Xe,https://imgur.com/a/3aQAfhj,2126805,Server Dominated,https://imgur.com/a/253mqW2 ,1515248,Varun,https://imgur.com/a/h1f9xgp,7258999,Quad,https://imgur.com/a/V5ReyDx,2112785,karnal,https://imgur.com/a/FmFAxIo,4370542,Corrupt X,https://imgur.com/a/K69oDFz,
CellImage,Bushwhacker,4574126,NoName,https://drive.google.com/file/d/1-N54n5thzL88G_S07gdzi1nQAAtUostc/view?usp=sharing,2879587,Denied,https://www.youtube.com/watch?v=73jxwd4bDD0&feature=youtu.be,5164004,evil isopod,https://imgur.com/a/MIQdcL5,8069915,pedal,https://imgur.com/a/0gc4KaW,2982963,Corrupt X,https://imgur.com/a/QciQ3Yg,3082761,Corrupt X,https://www.youtube.com/watch?v=BcQwp6EUmvk,1734854,ExC,https://imgur.com/a/pNrfoi2,3658439,jax,https://imgur.com/a/ttIuX0k,2026844,Awootube,https://imgur.com/a/eY38uvl,3221325,bean,https://imgur.com/a/lyqNdMn,
CellImage,Carrier,3592937,Absol,https://imgur.com/a/bYakFXq,2012168,Silk,https://imgur.com/a/lm71yXJ,3128113,evil isopod,https://imgur.com/gallery/x9R4Hdg,4158335,baking soda,https://imgur.com/gallery/KbDu50t,2933762,Corrupt X,https://www.youtube.com/watch?v=Uaqk8SNvb1Y,1427464,Neptuun,https://imgur.com/a/Vk3MecM,1519751,Neptuun,https://imgur.com/a/h7jws34,2536700,Awootube,https://imgur.com/a/WkBB6ym,1275079,M3GA,https://imgur.com/yrbVFb0,2087503,evil isopod,https://imgur.com/a/LVhUeU4,
CellImage,Commander,3209726,4m,https://imgur.com/gallery/XXFF4AK,2254481,Stardust,https://imgur.com/a/6INyQD9,5243074,Thing,https://imgur.com/a/YVxSyQH,4972429,‚ò† ü·¥Ä…¢ –º·¥Äs—Ç·¥á Ä‚ò†,https://imgur.com/a/YBTNtFQ,4622642,Askatasuna,https://imgur.com/a/W8vzv5B,6530341,Allan,https://imgur.com/a/fBwMqFC,4315784,[LK],https://imgur.com/a/V2U0O30,2975845,Zeo'Xe,https://imgur.com/a/QZDeCJr,4687665,baking soda,https://i.imgur.com/73BKeU5.png,3129545,Mine,https://imgur.com/a/x7tyczD,
CellImage,Conqueror,2505125,lotion,https://imgur.com/a/zKVW1yO,2756216,Smiley,https://imgur.com/a/yGkthl6,3297144,Trastectic,https://imgur.com/a/2wyvPK1,2817138,Mr.Chemistry,https://imgur.com/a/ZFV40VP,4450348,Marcus,https://imgur.com/a/hP1HFQ9,2506709,Corrupt Y,https://imgur.com/a/HUaGSzI,2317836,‚ò† ü·¥Ä…¢ –º·¥Äs—Ç·¥á Ä‚ò†,https://imgur.com/a/9uDTwse,1642031,Trastectic,https://imgur.com/a/nALCOci,2331589,Trastectic,https://imgur.com/a/YxN3ZAP,2573276,Mine,https://imgur.com/a/f30BkaG,
CellImage,Constructor,2032737,Thing,https://imgur.com/a/VsYOc4e,3276410,Chaos,https://imgur.com/a/v8Kthd0,5505789,Smiley,https://imgur.com/a/oI2w1qu,3522087,Giggity,https://imgur.com/a/0En9ges,1710323,Giggity,https://imgur.com/a/vZfKML0,2447700,Rog456,https://imgur.com/gallery/cXW3kYI,2378857,BaLu,https://youtu.be/RYbG2T4lxto,5478109,Quad,https://imgur.com/a/docOyVN,2046779,2not1üåπ,https://imgur.com/a/C0lGA0G,3122171,Giggity,https://imgur.com/a/avf57Mo,
CellImage,Crop Duster,7021334,Oganesson 118,https://imgur.com/gallery/9saovWK,2409042,üå∑|retnuH,https://imgur.com/gallery/Qa2kSep,4014560,baking soda,https://imgur.com/gallery/xNxBru8,4603093,xahh,https://imgur.com/a/IQBacrK,4718790,ExC,https://imgur.com/a/3qeT4x2,1833853,Pawel99UK,https://imgur.com/a/rc7HGWi,2250220,baking soda,https://imgur.com/gallery/Rblc0Rj,3998759,safuez,https://imgur.com/a/t3vkDPX,1307704,2not1üåπ,https://imgur.com/a/qEZWsBg,2313732,Ice Cream Samich,https://imgur.com/a/BIUaVwh,
CellImage,Crossbow,3121598,LOLOLO,https://imgur.com/a/1ZKnPr0,1661179,Toy Maker,https://imgur.com/a/vzpSCSv,3501351,New Plan,https://imgur.com/a/X3mMk9x,7484728,Allan,https://imgur.com/a/VmbiiPb,2402306,greg.,https://imgur.com/a/fNAqjQm,2364731,WL9,https://imgur.com/gallery/4tGUj6O,1727133,17th,https://imgur.com/a/fokgXOJ,2282904,evil isopod,https://imgur.com/a/E6tRjI3,2776388,jax,https://imgur.com/a/2Cf4jo2,3058886,fortune,https://imgur.com/a/Gn8AuGN,
CellImage,Cyclone,5753120,Crown the √ñ.,https://imgur.com/a/WccOoCk,1709026,Jugg,https://imgur.com/a/76LKi2h,4062252,Tommy,https://imgur.com/a/2tJUDvN,4832142,2not1üåπ,https://imgur.com/a/7l54X7Z,2254813,HiYouHavePolio,https://imgur.com/a/mrTRHCJ,1182798,Damocles,https://cdn.discordapp.com/attachments/395646588682240020/645736133627478016/screenshot_-_2019-11-17T152413.200.png,1621072,Corrupt X,https://www.youtube.com/watch?v=6EW4JYd7hxk,4125100,rela üê£,https://imgur.com/gallery/TQ3K35K,1206935,Piee,https://rb.gy/dhty8e,2877584,132,https://imgur.com/a/3i2Raz7,
CellImage,Dual,4605383,evil isopod,https://imgur.com/a/A8LGFph,2213623,CX has cute feet,https://imgur.com/a/MFRwiVl,5964844,Crazoodles,https://imgur.com/gallery/oQcDzZi,3286282,fortune,https://imgur.com/a/fXUGQF5,5105491,Corrupt X,https://imgur.com/a/s8NUJe0,2210023,Corrupt X,https://imgur.com/a/BNIJTBz,2580279,Motorcycle,https://imgur.com/a/Z5pKkoc,3000151,Barzone,https://imgur.com/a/9zgfVbH,2315108,fortune,https://imgur.com/a/OiW9RoS,2679451,Crazoodles,https://imgur.com/a/TmwcZcx,
CellImage,Eagle,2546843,<‚ùÇ> ‚Ç≠«ør…áa,https://imgur.com/gallery/cwHxN1z,2067030,Rog456,https://imgur.com/a/MEmmUN6,5010446,baking soda,https://imgur.com/gallery/sMbxd8U,5212543,Mine,https://imgur.com/a/GOdj6mr,2017385,Armin Play YT,https://imgur.com/a/OQJdPJ0,2301773,Corrupt X,https://www.youtube.com/watch?v=AhiIqFN0y30,1360007,qoh,https://imgur.com/gallery/gIWagWZ,3287335,Stardust,https://imgur.com/a/aJJpq84,1263685,jax,https://imgur.com/gallery/ESXYFec,2043798,ascending,https://imgur.com/a/HsCINUF,
CellImage,Engineer,3444094,Anto,https://imgur.com/a/ra7bf4a,3564120,Kris,https://www.reddit.com/r/Diep2io/comments/o6f4mb/35m_maze_engineer_fixing_the_server_from_teamers/,4447053,evil isopod,https://imgur.com/a/vOX0Utl,3138118,Nya~,https://imgur.com/a/oq9u0hH,3148426,‚ò† ü·¥Ä…¢ –º·¥Äs—Ç·¥á Ä‚ò†,https://imgur.com/a/RsPhmhY,2240307,üéã,https://imgur.com/a/nIOXEIz,2575303,Damocles,http://imgur.com/a/EP7jqjP,4809995,Ditine,https://imgur.com/a/j46JID4,2140284,Nya~,https://imgur.com/a/dtUEXyp,2197197,Nya~,https://imgur.com/a/5ASJXp2,
CellImage,Factory,2702132,Smiley,https://imgur.com/a/5Z6EIB0,2056815,evil isopod,https://imgur.com/a/EqAzkW4,3017610,PainÁóõ„Åø,https://imgur.com/gallery/q5xSwPi,5213429,Smiley,https://imgur.com/a/DKfSuzN,1945803,Zeo'Xe,https://imgur.com/a/B3vjBRJ,3105492,Athu,https://imgur.com/gallery/TUWU3pt,2302399,Smiley,https://imgur.com/a/rRE2FMS,4037571,TheMadLad,https://imgur.com/a/mASXLXM,3027320,PainÁóõ„Åø,https://imgur.com/a/s6w8zyP,4541090,jax,https://imgur.com/a/FnOpsI9,
CellImage,Falcon,3388724,Sashazzz,https://imgur.com/a/7yGHb2w,2324245,Marcus,https://imgur.com/a/TI6B0Ba,5201563,evil isopod,https://imgur.com/a/mGasGO0,8858460,Quad,https://imgur.com/a/RKECd8Y,5028305,duc,https://imgur.com/a/jEndHRi,2396470,Corrupt X,https://www.youtube.com/watch?v=EX4FrXlTVNQ,1952542,you tried ‚òÜ,https://imgur.com/a/0ndWreu,5186480,ŒπŒ±,https://imgur.com/gallery/GWEErve,1639409,Rog456,https://imgur.com/a/2RIDXal,2819922,S3CR3T,https://cdn.discordapp.com/attachments/395646588682240020/483976487356334082/Kepernyofelvetel_139.png,
CellImage,Field Gun,1441203,ThunderFlame,https://imgur.com/a/Yfoy0gE,1623602,üå∑|retnuH,https://imgur.com/gallery/5bWxbsP,4061976,ExC,https://imgur.com/a/tKThEMD,2612995,Hertz,https://imgur.com/a/zQJIXJR,1378372,Toy Maker,https://imgur.com/a/YSDnjmg,1282109,2not1üåπ,https://imgur.com/a/ZS0Am8W,,,,1752838,2not1üåπ,https://imgur.com/a/rHg56vV,1213520,2not1üåπ,https://imgur.com/a/b375Fea,1409723,2not1üåπ,https://imgur.com/a/7x0daIy,
CellImage,Fighter,4950701,Quad,https://youtu.be/g__a11wh6E0,3172537,Quad,https://imgur.com/a/aLCHEIm,5492122,Thing,https://imgur.com/a/1MxK9Gy,5035117,baking soda,https://imgur.com/a/wkbiCeo,3010744,duc,https://imgur.com/a/8mI7dU1,2894059,pedal,https://cdn.discordapp.com/attachments/395646588682240020/585686849889239041/unknown.png,2505000,$hortstop,https://imgur.com/a/McKUiL8,4115910,bum,https://imgur.com/a/j9ax5iw,2097997,ASkib,https://imgur.com/a/RRozm1r,1841886,ASkib,https://imgur.com/a/dfx0dh6,
,Focal,1363472,Askatasuna,https://imgur.com/a/9MqP4GD,1777244,ThunderFlame,https://imgur.com/a/UwEappN,,,,2140179,bruhski,https://imgur.com/a/QcMxSQy,1151363,Armin Play YT,https://imgur.com/a/fBkdWQR,1498444,SKyTarii,https://imgur.com/gallery/vbfidXT,,,,1126178,xeno,https://imgur.com/a/VzI69JD,1146290,üå∑|retnuH,https://imgur.com/gallery/SZ7lzS9,1995961,Askatasuna,https://imgur.com/a/5BBJVUU,
CellImage,Fortress,3502383,Absol,https://imgur.com/a/5gtTvlG,2473509,ThunderFlame,https://imgur.com/a/oWYCQFS,6501421,Mr.Chemistry,https://imgur.com/a/IIjSNvU,4111659,Awootube,https://imgur.com/a/rLPCypr,2125466,Nothingness,https://imgur.com/a/fqhqcdw,1779171,Giggity,https://imgur.com/a/a4zu5EO,1227337,Chaos,https://imgur.com/a/ECTKhEa,8182540,baking soda,https://imgur.com/gallery/mvs833d,1730088,ascending,https://imgur.com/a/Vn1UkIv,2095749,Maku,https://imgur.com/a/4cYLXsZ,
CellImage,Gunner Trapper,3009830,Zeo'Xe,https://imgur.com/a/YZYikHW,1881594,Jackson,https://imgur.com/a/qsG6pHr,7271725,Crown the √ñ.,https://imgur.com/a/PsBbWxk,17770864,ExC,https://imgur.com/gallery/qoopBka,3755319,ŒπŒ±,https://imgur.com/gallery/4JxT1Kr,3072620,[MG] Spin2Team,https://imgur.com/a/NVfXsMR,2309677,üéã,https://imgur.com/a/qkoQqZS,7625281,hi,https://imgur.com/a/sdvpKpl,1543298,Jackson,https://imgur.com/a/OTgLaKu,3970103,Ice Cream Samich,https://imgur.com/a/dGDxvhS,
CellImage,Hexa Trapper,3174200,4m,https://imgur.com/gallery/BEwU0NC,2500404,4m,https://imgur.com/gallery/yRgjDkh,3559943,evil isopod,https://imgur.com/a/AShJDV8,1981782,AstRatJP,https://imgur.com/a/4vViHoX,2114521,Corrupt Y,https://imgur.com/a/sWeiWiK,1113557,BHü•ïBunny Hop!,https://imgur.com/a/23xUlAD,1690795,üéã,https://imgur.com/a/GKSqkJz,5055583,baking soda,https://imgur.com/gallery/rxMzWgu,2433513,2not1üåπ,https://imgur.com/a/9iAsdQP,2063534,Athu,https://imgur.com/a/xemlANy,
CellImage,Hewn Double,5066170,Nyrox,https://imgur.com/a/DGmnyIy,3052229,Stardust,https://imgur.com/a/w2OD4i0,4106077,ŒπŒ±,https://imgur.com/gallery/wkOlPw1,3618307,Corrupt Y,https://imgur.com/a/8CCZgne,2184234,BHü•ïBunny Hop!,https://imgur.com/a/llzZN48,2087144,Orange Creamsicle,https://imgur.com/a/6ScOlXR,3116211,Mine,https://imgur.com/a/2lYCtyd,5315542,ejv,https://imgur.com/gallery/IegJwb7,3037358,Thx m8,https://imgur.com/a/d6HYM9u,2252924,Corrupt X,https://imgur.com/a/V3N8cEQ,
CellImage,Hybrid,3974742,Thing,https://imgur.com/a/EZlE861,3984299,Silk,https://imgur.com/a/ufPNd8w,9421794,Smiley,https://imgur.com/a/YRsldB4,10115816,Thing,https://imgur.com/a/TXNseEF,6835983,Zeo'Xe,https://imgur.com/a/Q9hboTE,5481322,Anto,https://imgur.com/a/MamNhGa,7704078,ExC,https://imgur.com/a/0ojm0vn,4791380,Chaos,https://imgur.com/a/T2UZbhh,2993310,Mine,https://imgur.com/a/sUpoIqy,2986839,Sonic -_-,https://imgur.com/gallery/TbAVk1M ,
,Infestor,1245612,4m,https://imgur.com/gallery/Sv1tImn,1260582,Silk,https://imgur.com/a/FGcGkse,1431528,ThunderFlame,https://imgur.com/a/NGdh4R3,4288791,[LK],https://imgur.com/a/hjqs8bJ,,,,,,,,,,,,,,,,1705405,2not1üåπ,https://imgur.com/a/FETp5YA,
CellImage,Landmine,3058476,Awootube,https://imgur.com/a/hXa9Wk2,2390255,Silk,https://imgur.com/a/j2wAXNa,7447385,asd,https://imgur.com/gallery/F5FT8Dm,5948273,Legit Developer,https://imgur.com/a/P2Xepne,9617577,crong,https://imgur.com/a/SDRZ7MI,4918718,Mine,https://imgur.com/a/uGqxm8R,2901499,Darky,https://imgur.com/a/AOWpMyD,2991256,Mine,https://imgur.com/a/lz5TYal,2841230,Silk,https://imgur.com/a/MnbIuju,1775718,Mine,https://imgur.com/a/O5Pp5Ck,
CellImage,Machine Gunner,2652859,ThunderFlame,https://www.dropbox.com/sh/1gb57q0chqgbsk5/AAAyPIL5tNWX5bTVIplo659xa?dl=0,2621439,ejv,https://imgur.com/gallery/ahpIwCy,4743388,bum,https://imgur.com/a/d8On9Nu,6123848,Askatasuna,https://imgur.com/a/RosVNII,3233449,Askatasuna,https://imgur.com/a/uxuPquz,3078395,Nguyen,https://imgur.com/a/r182BmF,2261209,+5cott,https://imgur.com/gallery/t2AMvuZ,2744735,Jackson,https://imgur.com/a/ZSdfOfn,2830265,Nyrox,https://imgur.com/a/boFjYiE,2779089,Nguyen,https://imgur.com/a/Z5V1dWm,
CellImage,Maleficitor,1852237,Stradpult,https://imgur.com/gallery/DHHCd6U,1792203,Crown the √ñ.,https://imgur.com/a/mY2SumD,4135082,Quad,https://imgur.com/a/dI86nO5,6735630,Askatasuna,https://imgur.com/a/Qzy0chW,3059618,duc,https://imgur.com/a/7mPlU4J,1558365,Askatasuna,https://imgur.com/a/KqRrOzH,3026066,baking soda,https://imgur.com/gallery/qzbrBIh,1952292,Awootube,https://imgur.com/a/RvtXztL,1221230,ŒπŒ±,https://imgur.com/gallery/q9YFC60,1510811,a letter a,https://cdn.discordapp.com/attachments/731494808475926531/861971910513918022/Untitled.png,
CellImage,Manager,2815841,4m,https://imgur.com/gallery/N5PyRYo,2808162,Crown the √ñ.,https://imgur.com/a/tt0AysJ,10100386,Nyrox,https://imgur.com/a/0wjdGvs,12722234,zo,https://imgur.com/a/zxR7gHp,4801793,ascending,https://imgur.com/a/6vGOUIL,4117159,Ocean,https://imgur.com/a/lfNA3W6,4881801,Smiley,https://imgur.com/a/ecAgrx9,5752590,Roman,https://imgur.com/a/HB54PUa,4257918,[MG] Spin2Team,https://imgur.com/a/GCEzJHs,3940455,pancake,https://imgur.com/a/86TSEld,
CellImage,Mega Smasher,3037317,Rog456,https://imgur.com/a/pyQtMSt,2216886,Darky,https://imgur.com/a/C2I0mHg,6116243,ŒπŒ±,https://imgur.com/gallery/XPAg66T,10555678,Mine,https://imgur.com/a/ovD4LLK,3643209,Mine,https://imgur.com/a/MLRPxcN,5323051,Mine,https://imgur.com/a/eGL3oVk,4093541,Mine,https://imgur.com/a/lvSr9Qn,2013208,je7,https://imgur.com/a/0VyHtKQ,2865117,Mine,https://imgur.com/a/PR0QCZG,2685040,Mine,https://imgur.com/a/CB8bo9G,
CellImage,Mega-3,2691984,Awootube,https://imgur.com/a/Z5ejzHs,1892539,Giggity,https://imgur.com/a/NXhNal5,2211956,temp,https://imgur.com/a/nOqf9ZP,3461228,Neptuun,https://imgur.com/a/GPGqxXj,1835231,Awootube,https://imgur.com/a/l4fNvQB,1909374,Corrupt X,https://www.youtube.com/watch?v=K52K3OsZ5AA,3269205,Jugg,https://imgur.com/a/RrxH7x0,5317223,Jugg,https://imgur.com/gallery/aJG6Ecg,2387436,AsianloliGirsAreHot,https://imgur.com/a/KlxflGp,4647392,Jugg,https://imgur.com/gallery/fra2Rsc,
CellImage,Mortar,5137326,Tommy,https://imgur.com/a/OUCW68Z,2542423,ŒπŒ±,https://imgur.com/gallery/OQcwHx9,6840775,Ender,https://imgur.com/gallery/oOgXAtC,7059952,Mine,https://imgur.com/a/K4TUup2,2387388,Anto,https://imgur.com/a/s3KNK2e,2590884,[LK],https://imgur.com/a/tceu7FP,3025003,Jackson,https://imgur.com/a/6arf37A,5231535,Otobus,https://imgur.com/a/mZ654Tc,3003621,Allan,https://imgur.com/a/AlqDRtL,3562162,‚ö°ùïØùñóùñÜùñåùñîùñì‚ö°INDONESIA,https://imgur.com/a/Exr6MrZ,
CellImage,Musket,3040373,Zeo'Xe,https://imgur.com/a/6PAoZuJ,1597217,rela üê£,https://imgur.com/gallery/TmasSL6,3762909,Awootube,https://imgur.com/a/CwXFg9L,5628469,Corrupt Y,https://imgur.com/a/7DFCVE7,3491905,Damocles,https://imgur.com/a/HasoFS4,2280883,Corrupt X,https://www.youtube.com/watch?v=Uaqk8SNvb1Y,2332626,Quad,https://imgur.com/a/O940SuK,3783433,safuez,https://imgur.com/gallery/b35IaHl,3072083,a letter a,https://www.reddit.com/r/Diep2io/comments/pajavo/3m_musket_wr/?utm_source=share&utm_medium=web2x&context=3,3006398,Absol,https://dl.airtable.com/Zz4ABn0iT42jWOvmfBV7_unknown.png,
CellImage,Nailgun,2254623,<‚ùÇ> ‚Ç≠«ør…áa,https://imgur.com/gallery/y4RvQQx,1727216,Stardust,https://imgur.com/gallery/9aFysF1,3530000,ejv,https://imgur.com/a/RzNJQWk,5020880,O'Chunks,https://imgur.com/gallery/c12rYqY,4193782,Ender,https://imgur.com/a/AZKkml8,2413321,8,https://imgur.com/a/Xj1iuWC,1949737,CX has cute feet,https://imgur.com/a/abRlFM9,5273964,Mr.Hacker YT,https://imgur.com/gallery/ArJsh5t,2490675,Kris,https://imgur.com/a/Pu6lX6v,2083732,O'Chunks,https://imgur.com/gallery/SrxyVc9,
CellImage,Necromancer,2157944,Stradpult,https://imgur.com/gallery/K36823E,1596934,Silk,https://imgur.com/a/8ePM8tt,7095055,Roman,https://imgur.com/a/VtN2eUH,7222569,Marcus,https://imgur.com/a/7YPiqau,4388717,BaLu,https://youtu.be/Xi_MA7tBIg4,2044176,Giggity,https://imgur.com/a/YH4tgsT,1808080,‚ò† ü·¥Ä…¢ –º·¥Äs—Ç·¥á Ä‚ò†,https://imgur.com/a/kiHmJkB,2001231,baking soda,https://imgur.com/gallery/ZahSoxl,2199563,Anak,https://imgur.com/gallery/n7kOO8n,2207191,TacoCat,https://imgur.com/a/6f0sSHG,
CellImage,Octo Tank,5333629,Zeo'Xe,https://imgur.com/a/aFpSMbR,2593176,Crown the √ñ.,https://imgur.com/a/8Yrk0nO,4627755,ü•ïCrazy Carrotü•ï,https://imgur.com/a/y7hxsuo,6088555,<‚ùÇ> ‚Ç≠«ør…áa,https://imgur.com/gallery/pMSq9sW,2537638,YT=GLITCHER TM,https://imgur.com/a/JyOesug,1583366,Server Dominated,https://imgur.com/a/8MJGswm,2183917,From Asia,https://imgur.com/gallery/MPZquLE,3217861,ErrorAce.,https://imgur.com/a/Kniq1am,2111234,ASkib,https://www.youtube.com/watch?v=cK-8BVwadSs&t=21s,4164749,Ice Cream Samich,https://imgur.com/a/LsSduOW,
CellImage,Ordnance,2705416,Thing,https://imgur.com/a/30p9bjJ,2114642,ùëâùì™ùì∑ùìÆùìºùìºùì™,https://imgur.com/a/jsICQHD,3982691,üå∑|retnuH,https://imgur.com/gallery/EenmLOU,4442210,Neptuun,https://imgur.com/gallery/fiwmDn6,2203122,Corrupt X,https://www.youtube.com/watch?v=Uaqk8SNvb1Y,3704780,Marcus,https://imgur.com/a/inhNSyU,1681999,Hertz,https://imgur.com/a/s7TSBQ3,3810322,baking soda,https://imgur.com/gallery/M3Jn6D0,3087665,Allan,https://imgur.com/a/kiOL16E,2971601,pool noodle,https://imgur.com/a/5mlQnkx,
CellImage,Overdrive,2853439,ùëâùì™ùì∑ùìÆùìºùìºùì™,https://cdn.discordapp.com/attachments/481521855329599490/529550361233588246/unknown.png,3585366,Zeo'Xe,https://imgur.com/a/zruhM7n,8377046,evil isopod,https://imgur.com/a/TLLyeD0,7152618,Mr.Hacker YT,https://imgur.com/gallery/MTZxZtT,5712588,Mr.Chemistry,https://imgur.com/a/ocUFZKr,4002907,WL9,https://imgur.com/gallery/Ck6o1v3,6001350,rela üê£,https://imgur.com/gallery/0erVnX0,3178450,Yusuf 100,https://i.imgur.com/i4YxeAM.png,2092808,zoom!ü•Ä,https://imgur.com/a/EaDW1yk,7386144,rela üê£,https://imgur.com/gallery/NBxOvsQ,
CellImage,Overgunner,3287205,evil isopod,https://imgur.com/a/3wyNh8Y,2134106,69,https://imgur.com/a/Y5r1XTJ,10191662,Corrupt X,https://ibb.co/album/S4pcLJ,7336187,Mr.Chemistry,https://imgur.com/a/i7bjjnX,3578734,ThunderFlame,https://imgur.com/a/IDmIuni,2922688,a letter a,https://imgur.com/a/zSzCHr5,2297420,Septerion,https://imgur.com/a/YNzGYam,7284898,baking soda,https://imgur.com/gallery/WDscmrk,3657999,Awootube,https://imgur.com/a/UCpOGpI,3142495,ascending,https://imgur.com/a/7pOBbMf,
CellImage,Overlord,5422667,ü•ïCrazy Carrotü•ï,https://imgur.com/a/KJy2g6R,3263431,4m,https://imgur.com/gallery/AeEJXHT,15615614,evil isopod,https://imgur.com/a/t92Wf2h,13092858,Mr.Hacker YT,https://imgur.com/gallery/VNGW62S,6749757,Zeo'Xe,https://imgur.com/a/sVgZHpd,4500148,[LK],https://imgur.com/gallery/07Da5Bo,3528445,rela üê£,https://imgur.com/gallery/oUhKYLw,6582927,Roman,https://imgur.com/a/n02zxZh,4426841,4m,https://imgur.com/gallery/5NyoJuL,11147953,evil isopod,https://imgur.com/a/8trHyPr,
CellImage,Overtrapper,5142391,4m,https://imgur.com/gallery/Hzwgl1T,1909343,ExC,https://imgur.com/a/UQwrwso,5829852,Crown the √ñ.,https://imgur.com/a/cqaEH5b,8893606,Crown the √ñ.,https://imgur.com/a/gHsKWpQ,5123974,Crown the √ñ.,https://imgur.com/a/upRGyCD,10065712,Crown the √ñ.,https://imgur.com/a/ndpbcEb,5082304,Crown the √ñ.,https://imgur.com/a/SYGOKNV,4172385,Crown the √ñ.,https://imgur.com/a/YvNLStf,3179312,[LK],https://imgur.com/a/P52hHpm,3112174,ascending,https://imgur.com/a/sXL07iv,
CellImage,Penta Shot,4449375,evil isopod,https://media.discordapp.net/attachments/666483842151874570/891377423000686592/screenshot_89.png,2882193,evil isopod,https://imgur.com/a/GmxBkOE,10176264,Rog456,https://imgur.com/a/KYyLnDz,3175523,Dard√∏ ÂØù„Çã,https://imgur.com/a/gnf3TfQ,5147699,Toy Maker,https://imgur.com/a/TbbhnQL,1765593,usaidwhat,https://imgur.com/gallery/lVUhWlc,2579629,ùïä√òœÖƒª,https://imgur.com/a/nDlscBX,4295790,Rog456,https://imgur.com/a/gzyOwFX,3474538,Rog456,https://imgur.com/a/x9ZlO1S,2387792,fortune,https://imgur.com/a/69cc49i,
,Phoenix,1881848,Tatan,https://imgur.com/a/Q7ri2AG,1474227,Neptuun,https://imgur.com/a/clrfStt,,,,1818733,üå∑|retnuH,https://imgur.com/gallery/DMaaxIv,1994473,theikeaman,https://imgur.com/a/1bhYZ19,,,,,,,1216341,Askatasuna,https://imgur.com/a/URd7ShW,1385520,üå∑|retnuH,https://imgur.com/gallery/VVDozUo,1382579,Hestefisk,https://imgur.com/a/3oJYzjw,
CellImage,Poacher,2583614,4m,https://imgur.com/gallery/eDV5a1i,1476493,ùìíùìÆùìµùìÆùìºùìΩùì≤ùì™ùìµüåô,https://imgur.com/a/6I5wKvU,3061147,fortune,https://imgur.com/a/jCEimbT,4180298,Neptuun,https://imgur.com/a/wOYEUja,1438510,Armin Play YT,https://imgur.com/a/qKK4hRB,1922949,Mine,https://imgur.com/a/EGugTY3,1308498,‚öî Existenceüåô,https://imgur.com/a/UvFMQUT,2020671,Athu,https://imgur.com/gallery/i87EfRx,4356803,baking soda,https://imgur.com/gallery/Awu12uK,2337719,PQD[VN](DVN),https://imgur.com/a/AV1uzmE,
CellImage,Predator,3800368,Legenda,https://imgur.com/a/tMrJous,2418353,4m,https://imgur.com/gallery/MqW7F2q,6141595,baking soda,https://imgur.com/gallery/yeJEIvl,17241238,noscore,https://imgur.com/a/tHSt9US,6031607,Askatasuna,https://imgur.com/a/dZPTWjc,2619678,jax,https://imgur.com/a/W282QUk,2031155,From Asia,https://imgur.com/gallery/OYoNv1F,5031778,evil isopod,https://imgur.com/a/zABngJ1,5847826,Allan,https://imgur.com/a/HsucXJv,2241510,Legenda,https://imgur.com/a/HVCiAOu, 
CellImage,Ranger,2453408,Thing,https://imgur.com/a/rAhEqE3,1744673,Silk,https://imgur.com/a/oQYZwIk,10059466,baking soda,https://imgur.com/gallery/lscIDmJ,8463785,Mr.Hacker YT,https://imgur.com/gallery/wtYZgfh,2003837,BlueGruffer,https://imgur.com/a/lVxHrr9,1628999,CrimsonAsItIs,https://imgur.com/gallery/X88EUP6,1334976,üéã,https://media.discordapp.net/attachments/395646588682240020/879478417601495070/screenshot_-_2021-08-23T163313.450.png,2135957,baking soda,https://imgur.com/gallery/EEVZtYM,1022568,Alpha,https://media.discordapp.net/attachments/395646588682240020/853299002308034580/unknown.png,5006808,Quad,https://imgur.com/a/mvoTIvj,
,Redistributor,2132134,YT=GLITCHER TM,https://imgur.com/gallery/ox4F8Ft,2783864,Silk,https://imgur.com/a/pNDWlsa,1842953,unnamed,https://imgur.com/a/3FsSOtB,2578193,pancake,https://imgur.com/a/52JyWpU,1398203,LLL,https://imgur.com/a/i9uLLtu,1088352,bruhski,https://imgur.com/a/DMPaoOG,,,,1564091,jax,https://imgur.com/a/XEkoWBh,1207387,Askatasuna,https://imgur.com/a/mAPLU3R,3307402,YT=GLITCHER TM,https://imgur.com/a/zM3sKAr,
CellImage,Septa Trapper,1599817,4m,https://imgur.com/gallery/ndyuPSY,1666938,CX has cute feet,https://imgur.com/a/xbuFKu1,3244800,Rog456,https://imgur.com/a/bQmHT9B,3463352,Quad,https://imgur.com/a/z0nHC9c,1250140,mr haker yt,https://imgur.com/a/uzo9N2l,1006245,CX has cute feet,https://imgur.com/a/TWfZCfo,1033302,CX has cute feet,https://imgur.com/a/F5dC9yV,2027422,Thing,https://imgur.com/a/tw1DphJ,1075465,Mine,https://imgur.com/a/WpFPuFF,2935795,baking soda,https://imgur.com/gallery/3VK9eBC,
CellImage,Shotgun,5266848,Zeo'Xe,https://imgur.com/a/MgRXM1w,2223916,Anak,https://imgur.com/a/CdfCL4Z,6187712,Ender,https://imgur.com/a/QYuOCUi,3052614,YT-TY,https://imgur.com/a/BTun4Uo,3568355,Ender,https://cdn.discordapp.com/attachments/395646588682240020/742145488396222464/unknown.png,2298119,For Kenza üåπ,https://imgur.com/a/6U0dOOK,3303345,YT-TY,https://imgur.com/a/sOAVgEx,3380433,Allan,https://imgur.com/a/BYOtKdx,2022630,baking soda,https://imgur.com/nxLpAD4,2275295,iiceheart,https://imgur.com/a/OtJZ1C8,
CellImage,Sidewinder,1581239,Damocles,http://imgur.com/a/ihl7ArR,2411875,Silk,https://imgur.com/a/I0XJP29,6844707,Rog456,https://imgur.com/a/N4Oc25M,2896548,Rog456,https://imgur.com/a/AfE1eCJ,2146287,duc,https://imgur.com/a/519x6Dn,2258478,Die?,https://imgur.com/a/n30OprJ,1298937,$kulllord,https://imgur.com/gallery/tKal0yN,2018190,Rog456,https://imgur.com/a/dG1K0qY,2872318,Mine,https://imgur.com/a/czU96HT,1589695,Maku,https://imgur.com/a/ujp0ySM,
CellImage,Single,4311788,HZ6,https://imgur.com/a/xSADz8F,3980236,Quad,https://imgur.com/a/jZrgrNC,4017233,bum,https://imgur.com/a/q4qwcwa,5449715,pedal,https://imgur.com/a/4Tf07e3,6261561,Zeo'Xe,https://imgur.com/a/m60MiVi,2127377,peebis,https://imgur.com/a/UcLxE68,2872840,jah,https://imgur.com/a/2XVTqai,4381167,evil isopod,https://imgur.com/a/3FwdsTA,2007792,Mr.Hacker YT,https://imgur.com/gallery/UNavXwb,2982306,ASkib,https://imgur.com/a/cZgH7lI,
CellImage,Skimmer,3742414,S3CR3T,https://imgur.com/a/YCTWEGu,1587453,Silk,https://imgur.com/a/55PnVKK,3013842,bean,https://imgur.com/a/17XdGkk,5250579,Zeo'Xe,https://imgur.com/a/42aQCaz,3697761,Crown the √ñ.,https://imgur.com/a/lck4NkR,1149574,Cybertrap,https://cdn.discordapp.com/attachments/395646588682240020/735865876192165898/Untitled.png,1439011,ThunderFlame,https://imgur.com/a/cnLYsWH,3071332,Kei üáØüáµ,http://imgur.com/gallery/HwjFiDU,1245567,2not1üåπ,https://imgur.com/a/osrIXed,4027927,Stradpult,https://dl.airtable.com/4nO9AqIWTm8ycvVya2Tl_unknown.png,
CellImage,Spike,6052919,Rog456,https://imgur.com/a/FTIVvxa,2914564,Mine,https://imgur.com/a/ecgxyyF,7526608,Smiley,https://imgur.com/a/VnYtt5S,7060288,bum,https://imgur.com/a/SUzNNYd,4768539,Jake,https://imgur.com/a/fduNjsG,3003201,Mine,https://imgur.com/a/gzNYHMl,4190353,Mine,https://imgur.com/a/OEPMuwW,3551366,Mine,https://imgur.com/a/4ZHUaEZ,2456778,Awootube,https://imgur.com/a/aIza263,2403266,Mine,https://imgur.com/a/3VVWW6U,
CellImage,Spreadshot,5160051,x,https://imgur.com/a/pQ1EhWp,2600000,baking soda,https://imgur.com/gallery/k4HA2Gv,4042459,Marcus,https://imgur.com/a/XwIqbEl,4122139,rela üê£,https://imgur.com/gallery/7PIla0N,2878809,baking soda,https://i.imgur.com/ifKPlV6.png,1731286,Stardust,https://imgur.com/gallery/9HZk1fr,,,,5048016,ŒπŒ±,https://imgur.com/gallery/ZmQqfny,3067149,evil isopod,https://imgur.com/a/38aOXha,3104721,baking soda,https://imgur.com/gallery/J2GAqt5,
CellImage,Stalker,1809273,Stradpult,https://imgur.com/gallery/kduGsSt,1444006,Silk,https://imgur.com/a/5CI5gt4,6119505,ascending,https://imgur.com/a/jZGC6lz,8140358,Para,https://imgur.com/gallery/AG5tGNV,3012802,Levi,https://imgur.com/a/DzSRO9n,1825042,üå∑|retnuH,https://imgur.com/gallery/IxrNaHC,1198845,Damocles,https://cdn.discordapp.com/attachments/395646588682240020/701151931401371878/screenshot_-_2020-04-18T142527.171.png,2795823,NIGHTGER,https://imgur.com/a/bhZ6ALu,2236655,ÂàÄ,https://imgur.com/a/zs6VxU5,1678842,ü•ïCrazy Carrotü•ï,https://imgur.com/a/XtgTF0u,
CellImage,Streamliner,5003255,baking soda,https://imgur.com/gallery/X0YlPzo,5100330,ExC,https://imgur.com/a/DaHPhMK,10023367,Thing,https://imgur.com/a/c8e7R3d,11912075,hi,https://imgur.com/a/Dvb3Txy,6005872,Mine,https://imgur.com/a/L75mZfX,5802534,Hellitica,https://imgur.com/a/Eqptz9w,11720549,baking soda,https://imgur.com/gallery/rHKhSJg,7509968,baking soda,https://imgur.com/gallery/hunLjTC,3469548,baking soda,https://imgur.com/gallery/dliJgoY,6836778,Mine,https://imgur.com/a/roNCtVR,
CellImage,Surfer,5144449,Quad,https://www.youtube.com/watch?v=KslP0ot4Hvs,3228605,Darky,https://imgur.com/a/EjVkTGX,3452434,Trestoc,https://imgur.com/a/9Vx3vX2,4012172,pedal,https://cdn.discordapp.com/attachments/395646588682240020/559443638472671243/unknown.png,2520908,[LK],https://imgur.com/gallery/N49S24e,2838771,CrimsonAsItIs,https://imgur.com/gallery/duPoGIa,2252464,Darky,https://imgur.com/a/u20JneT,1683413,furrycry,https://imgur.com/gallery/GBkZwYg,1681647,Marcus,https://imgur.com/a/D3CZKf9,2874518,1,https://imgur.com/953GLSO,
CellImage,Swarmer,3586514,Stradpult,https://media.discordapp.net/attachments/454578417745133580/626831746067070986/unknown.png?width=1202&height=677,2078154,Mine,https://imgur.com/a/B7FWNIW,5297132,baking soda,https://imgur.com/gallery/LqmZclh,3533333,Quad,https://imgur.com/a/NCxm2yE,2964529,pool noodle,https://imgur.com/a/0u5GV6E,2321750,Mine,https://imgur.com/a/fdA3Ia6,1584242,Mine,https://imgur.com/a/1pH41aA,2672398,NOT|megaball[VN,https://imgur.com/a/obpJmgA,1327468,2not1üåπ,https://imgur.com/a/creqPSz,5595848,evil isopod,https://imgur.com/a/hbosxz1,
CellImage,Triple Twin,4746854,Mr. Cheese,https://imgur.com/a/CVCXPB0,3058197,male,https://imgur.com/gallery/Zop6AXb,4731068,bum,https://imgur.com/a/le5bNGf,3362398,xd,https://imgur.com/a/7lLfUBR,3913231,chewy pies,https://imgur.com/a/FcMZw07,1879421,Chaos,https://imgur.com/a/aQPPpDq,1463216,DinhTung,https://imgur.com/gallery/CoqtOjB,5091589,Para,https://imgur.com/gallery/69HEoCD,2190994,evil isopod,https://imgur.com/a/UTcCF70,3711845,baking soda,https://imgur.com/gallery/nUW3w6O,
CellImage,Triplet,6008179,hi,https://imgur.com/a/29xgu28,5036732,Quad,https://imgur.com/a/VJIQ84b,7461189,Roman,https://imgur.com/a/Fd94BBt,5983746,lamita,https://imgur.com/gallery/GNUFWj3,4534695,Zeo'Xe,https://imgur.com/a/0YXNveF,1747994,Ray,https://imgur.com/a/7rTOHNk,2339960,+5cott,https://imgur.com/a/RrToXa3,5764475,Roman,https://imgur.com/a/bvpYU47,4309860,fortune,https://imgur.com/gallery/Hx1ijJP,3153032,fortune,https://imgur.com/a/yTahAQP,
CellImage,Twister,1842889,Soul,https://imgur.com/gallery/Cdd9sWo,1774950,ThunderFlame,https://imgur.com/a/KY2mGGu,3505905,evil isopod,https://imgur.com/gallery/sIGDNbo,2689454,Neptuun,https://imgur.com/a/VMZHWuX,3551329,bum,https://imgur.com/a/h2bQnMq,1129984,Neptuun,https://imgur.com/a/RSumpep,1235570,edamame„Å®„ÅÑ„Åµ‰∫∫,https://imgur.com/a/zrEeXQB,1631254,Mine,https://imgur.com/a/dzkrdod,2083290,dnb,https://imgur.com/gallery/f1596JN,1706930,Eternity,https://imgur.com/a/6A8M9Ph,
,X-Hunter,2805815,4m,https://imgur.com/gallery/u1iRNOX,1245609,Silk,https://imgur.com/a/2kcAv8f,2395680,AstRatJP,https://imgur.com/a/KwMvd3a,,,,1394350,jax,https://imgur.com/a/tyVx1NF,,,,,,,1128178,Buddy_Dog,https://imgur.com/gallery/nnvcsOd,,,,1401694,long vn :D,https://imgur.com/gallery/tDN0E3l,
,,,,,,,,,,,,,,,,,,,,,,,,,,,,,,,,
,,,,,,,,,,,,,,,,,,,,,,,,,,,,,,,,
,,,,,,,,,,,,,,,,,,,,,,,,,,,,,,,,
,,,,,,,,,,,,,,,,,,,,,,,,,,,,,,,,
,,,,,,,,,,,  ,,,,,,,,,,,,,,,,,,,,,